;0;1;2;3;4;5;6;7;8;9;10;11;12;13;14;15;16;17;18;19;20
sub-0003;0,810365796;0,768673182;0,745034218;0,360335201;0,736657917;0,828356862;0,768873096;0,91583854;0,300680876;0,733239055;0,807468235;0,722489238;0,225954071;0,853491366;0,818368375;0,381606638;0,761763036;0,809324145;0,317281067;0,392200768;0,86054486
sub-0070;0,094255671;0,549266398;-0,087319151;0,141531214;0,083229437;-0,142127588;0,399229079;0,774676502;0,555235863;0,564495444;0,54271853;0,30371362;0,30608654;0,59645009;0,386827618;0,431728303;0,572512746;0,561813295;0,410708636;0,335700542;0,810047746
sub-0095;0,335893214;0,302238822;0,371979117;0,274153709;0,243958116;0,293653756;0,57764107;0,719631374;0,129121497;0,18197903;-0,028530067;0,726291955;0,231917769;0,201385438;-0,199491709;0,187877074;0,220381379;-0,075366877;0,294739604;0,2742607;0,600986063
sub-0096;0,608559787;0,615509868;0,664650202;0,362871647;0,656526744;0,666269839;0,769158006;0,84939009;0,344017178;0,743044019;0,773506522;0,791609466;0,325223476;0,792460322;0,798180044;0,314060479;0,814827859;0,79837656;0,392747223;0,541719973;0,84896642
sub-0182;0,830862522;0,832403064;0,740224004;0,634428263;0,70846343;0,7069484;0,91319102;0,865527332;0,654906034;0,836856365;0,785431206;0,886578798;0,695154428;0,875776231;0,769924641;0,709289312;0,917371213;0,789173663;0,770578504;0,777062774;0,842940331
sub-0183;0,632834077;0,717552066;0,439652056;0,519990683;0,592874646;0,671756268;0,550895989;0,647131324;0,38321802;0,486619532;0,429525882;0,606497824;0,41920045;0,620111167;0,664276123;0,190721348;0,6288867;0,344964862;0,361918032;0,641893744;0,529023945
sub-0184;0,533201456;0,696264446;0,669092357;0,177067563;0,746985018;0,519100666;0,507807612;0,735331714;-0,035958022;0,523966253;0,457753211;0,637439132;0,219379336;0,752053738;0,60169071;0,108934008;0,697948396;0,57134968;0,239342153;0,297748804;0,691144705
sub-0185;0,113108173;0,503231883;0,293196201;0,068287872;0,424097359;0,170477629;0,207861453;0,537301242;-0,107175238;0,065370664;0,009629885;0,390920162;0,016655007;0,602125943;0,240028396;-0,095528968;0,310424149;0,146262273;0,087345861;0,488920867;0,349643618
sub-0187;0,511282384;0,521270573;0,450394124;-0,042470895;0,313124239;0,386030823;0,558975816;0,750745714;-0,30349344;0,544056356;0,512390494;0,528170347;-0,063967556;0,742036402;0,513313651;-0,346332729;0,595318258;0,440898806;-0,252715945;-0,192640066;0,625313878
sub-0188;0,674488842;0,778187096;0,349718958;0,165556088;0,725793362;0,603344202;0,766946256;0,610977888;0,056379583;0,610426068;0,426967919;0,472150087;0,103272021;0,724001825;0,630641699;0,063572794;0,29947862;0,128004447;0,109502353;0,100701176;0,753460348
sub-0189;0,686035514;0,760770559;0,630886614;0,260737002;0,636462033;0,55287385;0,849654138;0,901685059;0,24832955;0,811148703;0,666706562;0,840894639;0,290020227;0,849089861;0,659414113;0,228869244;0,788577199;0,595368385;0,25437969;0,697424769;0,645758808
sub-0190;0,465812355;0,662499428;0,4725492;0,591686666;0,442850441;0,265572608;0,785913527;0,800275564;0,637571514;0,698481679;0,608507812;0,782292008;0,675940156;0,739846826;0,498075068;0,653915584;0,725904763;0,536351144;0,607346296;0,479022026;0,797843993
sub-0191;0,70642978;0,771793723;0,742752254;0,622008204;0,417224824;0,523525596;0,496057212;0,65986985;0,431446612;0,052047621;0,137103274;0,700214505;0,61240679;0,66442883;0,636314809;0,555301487;0,314750224;0,394341975;0,530284941;0,653597713;0,699319601
sub-0192;0,481620371;0,545499861;0,466577023;0,213316426;0,397351742;0,252231836;0,769456327;0,685757279;0,534912169;0,68311882;0,480897069;0,677652955;0,502026796;0,75952071;0,48390606;0,554667473;0,687243819;0,294326246;0,704542518;0,529332399;0,717306376
sub-0193;0,476307154;0,366432875;0,183996677;0,41333431;0,05779532;0,363710672;0,499236614;0,598982871;0,165087894;0,413613826;0,501721561;0,774380386;0,140106782;0,757458031;0,602790177;-0,020241147;0,67727077;0,548641205;-0,045503803;0,235538736;0,572173059
sub-0194;0,602095246;0,67455107;0,579592466;0,53992933;0,633296907;0,737680852;0,863877892;0,86534214;0,55371362;0,842724025;0,776382089;0,812883735;0,610577822;0,864872754;0,787337184;0,647601068;0,821571946;0,748779476;0,618427336;0,634242475;0,844148219
sub-0195;0,79593575;0,734429955;0,554061174;-0,245139614;0,476690859;0,39081955;0,831509769;0,729623318;-0,376396567;0,657812238;0,524955988;0,778239429;-0,488318652;0,750038743;0,546141267;-0,490055591;0,802963197;0,62849164;-0,529488742;-0,387971669;0,780310094
sub-0196;0,394769311;0,478307992;0,505523086;0,24117735;0,34478581;0,394723803;0,549916565;0,553229153;0,484781086;0,383747756;0,343765378;0,67457056;0,438925266;0,745521605;0,263086081;0,425478667;0,584527791;0,156665087;0,47650364;0,326714575;0,328150988
sub-0197;0,67240119;0,507647216;0,693813324;0,160852164;0,503640592;0,393847734;0,650755107;0,759888649;0,212121606;0,535236239;0,193059668;0,593277216;0,200689331;0,754239142;0,197873622;0,05864916;0,523119211;0,170418665;0,172023937;0,299244672;0,381545246
sub-0198;0,722751498;0,647323847;0,573057294;0,6036883;0,67066133;0,702793062;0,668722808;0,754213512;0,433526695;0,541294634;0,469093949;0,670424283;0,441419572;0,732614577;0,479817003;0,317600816;0,467005938;0,31299746;0,488799512;0,686594129;0,645024896
sub-0199;0,488120615;0,583229363;0,430870831;-0,004823732;0,389330715;0,2922391;0,666438401;0,858000278;-0,000188497;0,386243403;0,262204051;0,673704922;-0,012197923;0,675804496;0,245290458;0,004084138;0,377818972;0,215365142;0,209798306;0,523231447;0,455937952
sub-0201;0,35375309;0,641077459;0,391347617;0,60043776;0,558100224;0,581592262;0,727818429;0,849191487;0,528506339;0,60313046;0,29121241;0,776674509;0,677417696;0,760104358;0,50331533;0,488082796;0,592442632;0,192372307;0,688866556;0,585742176;0,730895877
sub-0202;0,607206583;0,586146235;0,553673506;0,34072116;0,595225573;0,496191978;0,534048736;0,778958321;0,32844916;0,588036656;0,537185371;0,686863065;0,074384466;0,710803509;0,290835381;0,25464049;0,694208086;0,411824644;0,205546737;0,360820889;0,514630079
sub-0203;0,363352478;0,543716371;0,231683031;0,35663116;0,112924404;0,13405706;0,432425529;0,700368047;0,536609888;0,466425002;0,448374927;0,120905273;0,249351516;0,240375534;-0,124872439;0,476234674;0,535937548;0,650486767;0,421744704;0,638090968;0,542667329
sub-0204;0,621088088;0,777113199;0,608960867;0,506077111;0,742859185;0,780870736;0,563427269;0,721566916;0,350785792;0,555260599;0,450143248;0,74676168;0,49532491;0,706244767;0,734569848;0,392681032;0,65710783;0,47401008;0,358025461;0,57136184;0,736355841
sub-0205;0,803532541;0,823744357;0,591918707;0,41067183;0,490841299;0,64730823;0,863602936;0,729117334;0,477027982;0,475496382;0,656682551;0,742093503;0,467825055;0,547380149;0,686811864;0,63207984;0,611470222;0,736247063;0,439136416;0,716328681;0,660004377
sub-0206;0,650312066;0,792929173;0,660670578;0,301562548;0,434865624;0,536836445;0,677620471;0,79499954;0,190043136;0,55405128;0,526541829;0,708403349;0,403134108;0,597118556;0,613829851;0,31286329;0,506995499;0,489115864;0,360408604;0,568463266;0,721703351
sub-0207;0,781036019;0,520575583;0,530728877;0,425120443;0,373983622;0,473395079;0,486707836;0,720196664;0,452663064;0,44277519;0,60538125;0,510553241;0,311525345;0,665402412;0,253713787;0,422954202;0,542792082;0,535248041;0,368907213;0,474794745;0,573282778
sub-0208;0,645376444;0,612948;0,50538826;0,394047946;0,425093591;0,559010327;0,801746726;0,771969616;0,376061112;0,659788787;0,781501234;0,839783967;0,477516562;0,836924016;0,752160966;0,419787556;0,809188247;0,668791413;0,52173686;0,616062343;0,734366238
sub-0209;0,335069031;0,617331147;0,440903634;0,394560605;0,612595379;0,550138175;0,671741307;0,771246672;0,092644408;0,512060344;0,215765819;0,788944542;0,313998818;0,679728806;0,29152447;0,260005236;0,693215787;0,247550055;0,58937484;0,721035004;0,619856417
sub-0210;0,78028965;0,735670984;0,677405596;0,421541274;0,687257767;0,614247501;0,820505559;0,752433479;0,367992908;0,685968637;0,408162206;0,741558135;0,365502775;0,768506348;0,493765146;0,331644267;0,677727461;0,409705013;0,370966852;0,602201223;0,629682958
sub-0211;0,169778094;0,269490421;0,235430449;0,383007437;0,185734898;0,498581856;0,728553057;0,700389683;0,331380218;0,525372028;0,182347581;0,617078006;0,336458802;0,521323085;0,312436193;0,478128999;0,541930735;0,289437622;0,539320588;0,642870009;0,55243212
sub-0212;0,707210898;0,781212211;0,254695982;0,232770175;0,398865223;0,561682761;0,672257245;0,570583642;0,40894565;0,473807812;0,645676374;0,414424807;0,219174176;0,566534162;0,432758391;0,425234437;0,459605008;0,345465928;0,266161859;0,39135167;0,618354321
sub-0213;0,432705611;0,667693317;0,573482633;0,418414235;0,665169895;0,518894672;0,551612616;0,702553153;0,506521881;0,658849299;0,761984348;0,771078229;0,497891873;0,765278459;0,683447421;0,507004082;0,696856141;0,707438767;0,620264888;0,698194861;0,80681777
sub-0214;0,913937211;0,924828649;0,903078556;0,265210927;0,908266366;0,775995314;0,918108582;0,938680351;0,237400606;0,904227793;0,751996636;0,908401489;0,139572591;0,909330368;0,6886639;0,298062682;0,904726624;0,756696463;0,286677331;0,600627899;0,831146777
sub-0215;0,813661516;0,80287385;0,738699079;0,298753202;0,481403738;0,261762828;0,68223834;0,709908664;0,161227286;0,277804106;0,018806245;0,74492085;0,481282383;0,738151908;0,518604636;0,496608913;0,615371406;0,434779137;0,593993187;0,693288207;0,784223855
sub-0217;0,498335361;0,605187595;0,518815398;0,095758237;0,307360053;0,333980352;0,728448927;0,812231719;0,332176834;0,44979769;0,37069881;0,66977185;0,201220825;0,586636901;0,271468222;0,221513614;0,488864422;0,373765409;0,26861468;0,452100217;0,507454515
sub-0218;0,498103559;0,494163513;0,480886757;0,047289107;0,43836394;0,454668105;0,642714798;0,726013243;-0,02119419;0,650191724;0,409113079;0,797972381;0,032114286;0,795620143;0,129482895;0,07150767;0,795292675;0,19893232;0,093643859;0,236483559;0,264660805
sub-0219;0,405024976;0,547438681;0,308338642;0,152316689;0,523414254;0,543905675;0,426001072;0,675329387;0,217973411;0,345524877;0,305236161;0,580709875;0,071787991;0,731089532;0,179404005;0,124483965;0,45783639;0,115858555;0,096211918;0,340396971;0,477780491
sub-0221;0,456102729;0,37212193;0,391531855;0,255909055;0,198972315;0,3666071;0,473122954;0,772567332;0,248675331;0,469047576;0,144354224;0,658156276;0,25588432;0,677153051;-0,023561887;0,220653504;0,583943367;0,002386935;0,227825642;0,374045491;0,196577027
sub-0222;0,693202913;0,646562815;0,627608716;-0,139589623;0,686265826;0,65511167;0,709341526;0,802800953;-0,291695327;0,705865383;0,672210634;0,762757361;-0,207980514;0,771524191;0,637480617;-0,328317404;0,70542419;0,667737305;-0,192159772;-0,117428452;0,775669932
sub-0223;0,553829193;0,638496816;0,576722205;0,43230477;0,431457788;0,512301803;0,561839759;0,654630363;0,557021916;0,590458751;0,614294529;0,465351909;0,485084534;0,660409033;0,427990466;0,34300819;0,440329462;0,311481535;0,564277709;0,658076704;0,569294095
sub-0224;-0,016736614;0,255987316;-0,276111454;-0,086416319;0,061222706;-0,22646445;0,383310676;0,649520338;0,553439379;0,529827893;0,410820991;0,312425345;-0,002545229;0,598762989;0,055397172;0,509166539;0,589575827;0,454928905;0,401909202;0,508383095;0,540445268
sub-0225;0,712471247;0,826420248;0,679311156;0,508705854;0,370083749;0,14125444;0,820663512;0,842721045;0,470248699;0,426071554;0,185548693;0,799172997;0,590575457;0,630883515;0,320206106;0,544731021;0,562328756;0,231640071;0,543018639;0,501075387;0,618218124
sub-0226;0,470177054;0,646694839;0,479517549;0,242921144;0,590762436;0,549626946;0,427223057;0,717468619;0,365343153;0,454172492;0,464588076;0,455025464;0,147931665;0,785642445;0,392457455;0,389074326;0,543147862;0,621429026;0,10084983;0,668328345;0,433937132
sub-0227;0,496171147;0,848429322;0,292798251;0,420206845;0,303890467;0,587978423;0,560095787;0,287220925;0,716836691;0,4768143;0,71161741;0,364569187;0,459290445;0,512245417;0,680227458;-0,01581217;0,475260943;0,380421579;0,241739139;0,58203125;0,688024163
sub-0228;0,522052824;0,62053901;0,661368251;0,249054104;0,449170113;0,342303455;0,714046776;0,848545134;0,619076669;0,725579798;0,732687831;0,730586886;0,571103752;0,696757436;0,633121312;0,572280288;0,750194192;0,664857566;0,605825961;0,689724386;0,828622043
sub-0229;0,588310659;0,707486153;0,643214107;0,180413648;0,542461991;0,516551435;0,816897511;0,774627328;0,409948438;0,56130445;0,372921765;0,745782495;0,397862703;0,691815436;0,533451974;0,262085527;0,583857894;0,345319808;0,260724753;0,456654698;0,435464263
sub-0230;0,446154565;0,631368339;0,517671943;0,472512901;0,53782171;0,502153873;0,799256861;0,823237777;0,637789965;0,552638829;0,627311885;0,755964994;0,563309848;0,804977417;0,579996824;0,488656133;0,526966572;0,609191597;0,505382419;0,700538874;0,606476068
sub-0231;0,536210597;0,335756242;0,292079449;0,413951069;0,452095181;0,470409811;0,479539037;0,607683301;0,477097481;0,590768814;0,507504225;0,601932168;0,371448666;0,670800865;0,291858345;0,332596719;0,608635902;0,382324547;0,605539143;0,67298317;0,609937012
sub-0232;0,795514166;0,858559072;0,706629276;0,787258983;0,704579115;0,822405219;0,885986388;0,887977719;0,811295092;0,796191573;0,856324255;0,789142787;0,790683746;0,852417052;0,838033855;0,726692855;0,834886193;0,867832422;0,69610846;0,807083666;0,854181647
sub-0233;0,613690913;0,556387544;0,398011714;0,068591468;0,528389633;0,369811088;0,501115263;0,564250946;0,170915022;0,474365383;0,314375371;0,620675623;0,082332514;0,75878191;0,168538764;0,186241612;0,686784983;-0,077779621;0,183921561;0,254279226;0,291478574
sub-0234;0,490862817;0,463136762;0,525225401;0,467845857;0,544770598;0,517212749;0,457246333;0,509799778;0,49881795;0,644786358;0,538039625;0,633573592;0,48049596;0,482933074;0,167323574;0,425285399;0,464831799;0,172119528;0,543694198;0,494372576;0,649515033
sub-0235;0,730675578;0,509663522;0,463690907;0,346365601;0,560371339;0,491254658;0,656276107;0,612038255;0,45538345;0,532715917;0,286489129;0,770665169;0,290593624;0,755667984;0,392465621;0,318580806;0,600857377;0,199842438;0,377048314;0,320614964;0,712026238
sub-0236;0,76481986;0,528107822;0,578498602;0,717856348;0,447489887;0,471290648;0,65838021;0,770969629;0,696115673;0,504381895;0,363100827;0,70610553;0,660936177;0,828600228;0,509325087;0,641730011;0,5748927;0,424686581;0,606771231;0,536515236;0,684304893
sub-0238;0,25629881;0,467910737;0,112693645;0,311691135;0,386914253;0,645420611;0,496450394;0,731600583;0,321594179;0,145902172;0,074587904;0,460319132;0,368027389;0,61342895;0,143714622;0,277807415;0,013950321;-0,166124836;0,286167622;0,32911396;0,296130151
sub-0239;0,751323462;0,633336127;0,717648089;0,526316583;0,283744633;0,051500298;0,628769159;0,806151271;0,37383455;0,271015406;0,042875852;0,584641755;0,210859492;0,640133977;-0,098532185;0,341349959;0,313728452;0,036467217;0,010219108;0,327955484;0,325177103
sub-0240;0,171965644;0,64428544;0,399327427;-0,212422028;0,459390312;0,290658981;0,552624643;0,801208377;-0,00044367;0,450042665;0,232218742;0,651728511;-0,19226712;0,540759802;0,247374907;-0,074580334;0,605633497;0,320388108;0,092085414;0,470594198;0,699477017
sub-0241;0,546571612;0,456212431;0,264199018;0,316478312;0,405153841;0,355479658;0,696067691;0,651536882;0,117974825;0,489174366;0,248685583;0,674070179;0,060566578;0,578864276;0,111477986;-0,30913952;0,353383034;-0,063013986;0,295532405;0,47342059;0,655141234
sub-0242;0,436541498;0,455103517;0,427594602;0,335281074;0,426896721;0,573139071;0,314155787;0,709240913;0,417375863;0,240532652;0,335124195;0,58110708;0,226967543;0,750656784;0,213448495;0,285498798;0,391456604;0,192698717;0,229791209;0,405683935;0,394318581
sub-0244;0,791411698;0,703092396;0,744162202;0,351049155;0,628356099;0,498951763;0,799541593;0,823751032;0,449966103;0,673321486;0,581756949;0,79262495;0,361546457;0,754576266;0,396375746;0,437509388;0,656435132;0,487785131;0,519311845;0,730496168;0,675547123
sub-0245;0,683399916;0,714974344;0,783280134;0,27973032;0,657734692;0,603700876;0,598776221;0,83043009;0,134250224;0,536114991;0,443177849;0,66181159;0,526765287;0,776563585;0,687777162;0,21367386;0,651312351;0,564986944;0,528357804;0,640674949;0,833704591
sub-0246;0,684228122;0,549414992;0,46221748;0,555951238;0,601990044;0,688824236;0,755651355;0,724629939;0,528640807;0,576878786;0,383247107;0,873360932;0,53494221;0,724708855;0,115746312;0,419144064;0,680556297;0,02522088;0,514297187;0,51054877;0,412078738
sub-0247;0,710988224;0,840364993;0,677921295;0,542217851;0,740425885;0,717841327;0,811268628;0,768750846;0,3646321;0,712245047;0,627562761;0,774415135;0,385382533;0,783947229;0,605119467;0,443393797;0,847475231;0,659830272;0,41899994;0,565481842;0,824161112
sub-0248;0,589161992;0,600442052;0,595785558;0,563468039;0,55516082;0,496869892;0,679459631;0,695216238;0,571049094;0,619844198;0,580034375;0,674664795;0,617808163;0,661759257;0,623932421;0,598171413;0,64147073;0,592520118;0,640202582;0,614340961;0,66064471
sub-0249;0,828788996;0,595466614;0,657603085;0,423069805;0,564408481;0,557402849;0,615009248;0,710048079;0,447510749;0,533331633;0,641625106;0,726464868;0,474832326;0,838926017;0,492590994;0,483104855;0,75083524;0,646837294;0,552772701;0,701194704;0,534027159
sub-0250;0,4819341;0,703144312;0,49040845;0,436644912;0,430861145;0,449152529;0,704872668;0,7584337;0,633338094;0,548763335;0,588910818;0,74265188;0,665110707;0,768722653;0,533031046;0,605700493;0,618032813;0,405659318;0,755262196;0,724173367;0,627452314
sub-0251;0,251179814;0,808489263;0,626049519;0,348558456;0,730418026;0,206992671;0,558206201;0,792546511;0,423521399;0,57399255;0,490013063;0,836227179;0,362330109;0,8640486;0,241586655;0,41665265;0,785491049;0,338335216;0,521865368;0,820318222;0,468473226
sub-0252;0,315282941;0,574753582;0,240131944;0,290985614;0,500897229;0,667400658;0,664992034;0,838082254;0,244368508;0,631197512;0,522654653;0,63839817;0,209189057;0,766881824;0,687779963;0,203821316;0,708732367;0,552618504;0,42610839;0,464476168;0,816727459
sub-0253;0,559773684;0,54312098;0,642669439;0,264666587;0,566475034;0,330403626;0,27844429;0,67666471;0,332727879;0,523781359;0,455647916;0,417990983;0,094175458;0,657371998;-0,06190357;0,313641578;0,495833427;0,299036741;0,254206866;0,372964084;0,481558591
sub-0254;0,279072016;0,366313249;0,214832678;0,191302374;0,547866285;0,321054876;0,670633137;0,821452916;0,468092293;0,565763235;0,279094219;0,671115696;0,298347026;0,717892468;0,389932841;0,36334312;0,563575149;0,206077799;0,20788452;0,312046736;0,497817427
sub-0255;0,743064761;0,682513714;0,720597506;0,626198292;0,482724279;0,590272844;0,785431743;0,741813421;0,738238931;0,567920685;0,651642859;0,810528934;0,640511036;0,524204433;0,453091323;0,625806212;0,652594864;0,506858528;0,612920702;0,717880905;0,755157173
sub-0259;0,635430455;0,732343495;0,685556173;0,567263603;0,699126124;0,812871277;0,662520647;0,862698436;0,374295235;0,674763978;0,687388599;0,743495405;0,579770744;0,866878331;0,79406774;0,416061044;0,726032376;0,725864232;0,581603408;0,610108554;0,79942292
sub-0260;0,501242936;0,733338416;0,361578941;0,174848735;0,449284911;0,382685632;0,586021602;0,642834306;0,113802329;0,586181283;0,446964622;0,596987307;0,140773311;0,649557471;0,322660297;0,11626745;0,656858861;0,250743002;0,333427221;0,502205431;0,661255598
sub-0261;0,216986895;0,186155364;0,151259184;0,209849656;-0,010093437;0,301743627;0,425028294;0,588587224;-0,09907037;0,429996282;0,399749368;0,443628967;-0,178024605;0,672202766;0,173674822;0,156520665;0,589744985;0,449530751;0,014573013;0,440277994;0,355153888
sub-0263;0,336788177;0,675662518;0,464359254;0,397156924;0,580275297;0,525270939;0,480098724;0,634285033;0,552065432;0,378726423;0,475440264;0,546001732;0,484279692;0,760832071;0,568779886;0,347081661;0,474026233;0,235983267;0,539673746;0,713516891;0,703749716
sub-0264;0,53748703;0,772203386;0,591336012;0,551807404;0,427832425;0,444518775;0,733293891;0,88559866;0,570532739;0,759297967;0,808072031;0,770197511;0,673041403;0,724811256;0,690514565;0,57133621;0,800971925;0,805735111;0,528835177;0,655018687;0,83581537
sub-0267;0,609932005;0,703302562;0,60909915;0,436489493;0,322577715;0,408118904;0,574097931;0,768160999;0,437533677;0,468856722;0,380831301;0,720039189;0,299658209;0,572865903;0,460549116;0,426372707;0,561611831;0,304246038;0,29416284;0,34925431;0,614187837
sub-0268;0,25386557;0,461887836;0,494428426;0,245015427;0,40716064;0,408196151;0,725381911;0,731976688;0,212670729;0,419615418;0,024553563;0,767395258;0,137802646;0,574714422;0,024394006;0,087711476;0,473291665;-0,004677485;0,097523987;0,483898103;0,278874278
sub-0269;0,213810176;0,367432296;0,162002876;0,271054059;0,423416436;0,553629994;0,649236083;0,851535141;0,56479007;0,685144544;0,482054174;0,643995225;0,561392725;0,743584931;0,712509632;0,482421935;0,691890597;0,422515005;0,605517566;0,673922181;0,733459771
sub-0270;0,517077446;0,603027821;0,477644712;0,404673368;0,394392639;0,444809377;0,652473211;0,743623078;0,564230859;0,326215893;0,300158888;0,731196761;0,625188768;0,768460274;0,611745298;0,605088115;0,491074294;0,349009752;0,571951389;0,601034164;0,66765523
sub-0272;0,696788669;0,683175623;0,686729074;0,19559072;0,587783039;0,414518505;0,691911459;0,746052146;0,14409557;0,603356302;0,483936429;0,729881525;0,279829115;0,736727595;0,434593946;0,261694252;0,666674435;0,500202417;0,305497795;0,52464056;0,636318326
sub-0273;0,405023903;0,345483154;0,111757509;0,492613614;0,42118907;0,765856922;0,367660969;0,553894937;0,528102458;0,341335475;0,350633323;0,520006299;0,384465992;0,794600725;0,355534911;0,513520777;0,500367284;0,079350151;0,43837297;0,478527099;0,511397958
sub-0274;0,437201679;0,482082009;0,432718337;0,451600343;0,501849115;0,563249409;0,484083891;0,736148775;0,258198619;0,394764483;0,521413624;0,538885117;0,343002558;0,609469831;0,486175954;0,289514035;0,539031923;0,577823102;0,471936196;0,428926915;0,632079303
sub-0275;0,351164937;0,777432263;0,567533791;0,351759702;0,747440994;0,740647316;0,408066511;0,763044775;0,231395885;0,285124481;0,270580739;0,623343408;0,403999597;0,756842554;0,71159631;0,279882312;0,576354921;0,546281219;0,420298606;0,425647527;0,846728384
sub-0276;0,718067288;0,760917664;0,702635288;0,258466393;0,753470004;0,740719378;0,769503474;0,73266077;0,308540136;0,731527627;0,794754684;0,684092224;0,376027972;0,830626667;0,712853193;0,356375158;0,690246522;0,619958818;0,359552383;0,258682221;0,786546886
sub-0277;0,171543717;0,400588334;0,225662857;0,401067019;0,408906221;0,508289993;0,441454887;0,384452105;0,540174842;0,470520049;0,576743066;0,646388769;0,447036058;0,840437353;0,32082653;0,438510925;0,67567569;0,411904514;0,521302164;0,695602834;0,409089804
sub-0278;0,321785361;0,657432795;0,199193299;0,364181578;0,094450705;0,125506669;0,588866174;0,250481755;0,457780927;0,059355423;0,180323869;0,317225218;0,443480402;0,195168704;0,247800767;0,382165879;0,523655951;0,567281842;0,236048445;0,319764495;0,787829459
sub-0279;0,73821789;0,682478547;0,502572715;0,390272379;0,218003184;0,283691108;0,708210766;0,648969054;0,440754473;0,314770103;0,429050595;0,794687092;0,590867698;0,691958785;0,634896398;0,563806057;0,642325163;0,607794464;0,348918885;0,574622035;0,727464557
sub-0281;0,180525661;0,727202475;0,112990052;0,232696891;0,590427577;0,045434356;0,239102393;0,616165996;0,102603897;0,195958629;0,037475538;0,09808629;0,180217922;0,444112927;-0,05260098;-0,005542833;0,001208957;-0,274092108;0,356725454;0,466232449;0,428397
sub-0284;0,562433958;0,609418571;0,602936804;0,368196338;0,52602458;0,498789519;0,700600207;0,778220534;0,474955618;0,527125061;0,403137505;0,691990495;0,442485839;0,526109397;0,394928157;0,488375813;0,517171144;0,365450591;0,428880364;0,439939409;0,708217442
sub-0288;0,600749135;0,612735331;0,582470059;0,038123138;0,430411905;0,153213143;0,408622444;0,754538119;0,370331019;0,367130578;0,376179159;0,589860737;0,025633873;0,673924029;0,090629168;0,428239048;0,532814324;0,398851365;0,230152994;0,573487282;0,503692091
sub-0289;0,522709846;0,465124816;0,577070355;0,309694797;0,394791633;0,504616439;0,58138907;0,811188996;0,508906305;0,384746224;0,367026359;0,583624482;0,246772319;0,608368516;0,336792737;0,526986897;0,433458567;0,443841785;0,207730353;0,405519217;0,700684667
sub-0290;0,778359771;0,734968185;0,586143613;0,551168144;0,57392019;0,659982681;0,796128213;0,829293489;0,688325524;0,713059068;0,797825813;0,831260145;0,733474731;0,781190395;0,791142344;0,743228137;0,755612135;0,803822279;0,600521863;0,790321708;0,819640934
sub-0291;0,461713016;0,429307669;0,048272047;0,321406573;0,438450694;0,595559776;0,547092676;0,684278071;0,661697507;0,778149128;0,81708777;0,527074873;0,297626525;0,539264917;0,4378497;0,480485678;0,693974197;0,552823842;0,546248496;0,635849595;0,799375236
sub-0292;0,761009872;0,764760852;0,795184851;0,399539888;0,817871571;0,775665462;0,87597096;0,830562174;0,265222162;0,725313127;0,608739257;0,840080798;0,265512973;0,741797626;0,583097994;0,388935596;0,813157201;0,659701467;0,54750824;0,531041384;0,822294712
sub-0293;0,461537242;0,496117592;0,241462335;0,504718065;0,237068474;0,501110137;0,592186272;0,731801152;0,355719477;0,265801907;0,563821554;0,536833704;0,412023276;0,46402657;0,386704832;0,276205331;0,32156989;0,373930961;0,316396326;0,520509064;0,423273623
sub-0299;0,570954502;0,779192984;0,623483837;0,286913931;0,284398079;0,285677463;0,601363719;0,578215361;0,032876097;0,128606111;0,041622899;0,660638988;0,271815091;0,547369182;0,346629232;0,246302158;0,45473662;0,238178238;0,396146059;0,593935907;0,696921945
sub-0301;0,25871563;0,607119679;0,514263451;0,209820807;0,562547743;0,311361521;0,644735694;0,714377642;0,530877173;0,557768345;0,700644135;0,814842165;0,522212505;0,836291194;0,716419578;0,463155776;0,798287153;0,744918048;0,545824587;0,586560845;0,808549166
sub-0302;0,858399451;0,818978906;0,804332376;0,661657393;0,716399133;0,7736696;0,818811953;0,878719032;0,655075431;0,695451856;0,762465358;0,831818879;0,673852503;0,841915548;0,847407997;0,57495743;0,846872389;0,829195917;0,525848091;0,651313841;0,840261996
sub-0304;0,625137448;0,821320534;0,579386294;0,0724691;0,645460367;0,454364985;0,791104436;0,807354689;0,25443089;0,774767339;0,595227063;0,7642079;0,129472986;0,791923642;0,544756949;0,133283854;0,722774506;0,37905243;0,225181803;0,571382701;0,575565279
sub-0306;0,146693572;0,514441729;0,073231131;0,086513609;0,338658839;0,364825428;0,047487337;0,367882222;0,297011375;0,352983326;0,500918388;0,406867325;0,293789417;0,632928431;0,410622686;0,426749378;0,610966146;0,463373989;0,377178103;0,516267717;0,652559698
sub-0307;0,872258008;0,904182255;0,790784717;0,806242645;0,746424139;0,843102396;0,925775886;0,884631157;0,871532202;0,84663862;0,875300348;0,891286492;0,894985259;0,89863801;0,921753824;0,901140809;0,891212583;0,878810227;0,881478369;0,891667366;0,924105406
sub-0308;0,615491152;0,598776221;0,613549888;0,082299985;0,530545831;0,490523636;0,59351927;0,735338449;0,36021769;0,320659935;0,267534852;0,620395958;0,205915034;0,506825864;0,357985228;0,382728964;0,532473922;0,421004623;0,159534648;0,035619311;0,655065477
sub-0309;0,194738358;0,199255645;0,327520818;0,08509174;0,139459446;0,029121246;0,683111489;0,657237351;0,231213048;0,485595167;0,427274555;0,63812232;0,290431917;0,706741512;0,448637784;0,193521187;0,496680737;0,155794919;0,042232949;0,105201781;0,622143149
sub-0310;0,593767047;0,792657256;-0,018248178;0,333905429;0,311006546;0,533150673;0,674576342;0,42924574;0,238698944;0,203406036;0,244095132;0,198992893;0,334970266;0,271254569;0,460638463;0,162965581;0,196958736;-0,007302416;0,579255581;0,595201254;0,792982757
sub-0312;0,685579777;0,797738433;0,673448026;0,685506463;0,668549418;0,808557689;0,81352216;0,77833128;0,61251533;0,5133394;0,783542454;0,778718293;0,648373187;0,756207943;0,869392037;0,552075446;0,78948909;0,862123966;0,449649274;0,699752152;0,79792726
sub-0314;0,396997094;0,481775671;0,069232523;0,037439879;0,313552052;0,471972018;0,579256833;0,43390432;0,197230592;0,460903943;0,324136406;0,617457271;0,273891389;0,636209607;0,321914673;0,189149156;0,560606182;-0,128963083;0,017773556;0,096847117;0,455183178
sub-0354;0,795518041;0,798017025;0,61847496;0,600248575;0,597498894;0,657825291;0,872591555;0,768576503;0,654083192;0,653591275;0,640525341;0,84039253;0,665021122;0,832283497;0,716312766;0,553152502;0,847212791;0,567118645;0,567591786;0,748397529;0,737201929
sub-0355;0,524732411;0,636382043;0,556046665;0,515186727;0,619939864;0,673099756;0,680415928;0,628621161;0,468734443;0,563411832;0,522994876;0,646136999;0,578753769;0,700829506;0,604222;0,534420967;0,642440617;0,574007273;0,607339025;0,572266579;0,694203913
sub-0357;0,534710884;0,644976437;0,248446882;0,341408432;0,544564962;0,656585634;0,777087152;0,722361684;0,353568912;0,469770968;0,453583449;0,596183538;0,28005299;0,603101194;0,479139864;0,245187059;0,503546059;0,215136617;0,404776543;0,493509293;0,575433731
sub-0358;0,750509441;0,66184324;0,674328148;0,559143007;0,653666496;0,70197463;0,786737263;0,77792263;0,445523709;0,765838861;0,771373749;0,828828275;0,520666718;0,888542235;0,862057686;0,471390009;0,87682277;0,813788652;0,535950303;0,590782762;0,84414953
sub-0364;0,661863029;0,798863053;0,607195437;0,579748452;0,580800474;0,678734183;0,707679868;0,810041249;0,496595681;0,485400885;0,57885468;0,723305225;0,608832598;0,7756356;0,747122526;0,458971381;0,626624346;0,508752644;0,593372762;0,744087636;0,738172531
sub-0366;0,523032546;0,785494626;0,449283659;0,336525977;0,649977386;0,645690799;0,434673369;0,712919354;0,414674997;0,422842264;0,39956671;0,422376662;0,278736681;0,74613291;0,571760654;0,341927648;0,359191447;0,267859399;0,232980534;0,612050533;0,472573042
sub-0367;0,632435501;0,29794246;0,655114472;0,657190204;0,490369827;0,578525901;0,780244172;0,865082741;0,531056702;0,698296726;0,683825195;0,660037458;0,374418944;0,725248873;0,558767319;0,581193209;0,677795112;0,687136471;0,418088704;0,422342122;0,831264019
sub-0368;0,570179045;0,62719667;0,525730669;0,359306544;0,65669781;0,433322519;0,695802212;0,782937706;0,257238716;0,468402177;0,118006535;0,7306422;0,278076231;0,725436211;0,112850942;0,153122932;0,506187558;-0,143763304;0,296403885;0,353875399;0,376987934
sub-0369;0,315102011;0,496618271;0,368911147;0,291748434;0,262100339;0,483991057;0,644362509;0,779272139;0,279863685;0,460936099;0,421905041;0,659412563;0,33222729;0,706742048;0,534592509;0,161269054;0,512633622;0,293963075;0,224098548;0,420649856;0,576705992
sub-0370;0,59308511;0,582428694;0,548764527;0,550053239;0,586395085;0,693724036;0,611469328;0,80221355;0,475288093;0,482649595;0,398189187;0,637715101;0,481464386;0,769086123;0,468668401;0,491416901;0,518840671;0,358598739;0,403878123;0,574932516;0,359253705
sub-0375;0,664973915;0,802062988;0,579841256;0,565298498;0,752415419;0,697674274;0,828131139;0,816870511;0,742547154;0,735005736;0,741077244;0,790763199;0,705612838;0,863977432;0,793055177;0,677505016;0,786673665;0,661373377;0,696254432;0,748984158;0,82854414
sub-0376;0,703295231;0,718088448;0,719963849;0,678958774;0,753591001;0,720271766;0,742397904;0,867888749;0,731932402;0,797555625;0,804471672;0,815185249;0,718930066;0,859378636;0,774861753;0,786035419;0,836783409;0,824494839;0,766037703;0,815086067;0,863799095
sub-0379;0,875711381;0,903443873;0,828675747;0,436476439;0,797748327;0,80438453;0,930428088;0,883425295;0,535189629;0,831953168;0,820046067;0,874191999;0,517476082;0,82998085;0,83135432;0,468835473;0,811533272;0,792776644;0,373283744;0,395185262;0,907632947
sub-0380;0,279185206;0,466666728;0,36341992;0,343786508;-0,081692822;-0,105180405;0,651520669;0,739806175;0,201740175;0,242047936;0,039895449;0,72804296;0,42617318;0,311673462;0,007466627;0,2573587;0,304640651;-0,024318522;0,310432315;0,361698061;0,55671376
sub-0385;0,306674689;0,351491362;0,299703002;0,032082159;0,12636216;0,184311509;0,445471823;0,64254564;0,45594573;0,20928441;0,494990796;0,64602226;0,311518997;0,590567052;0,162488446;0,394858003;0,510650992;0,342536658;0,365338236;0,544361532;0,312831134
sub-0387;0,347768515;0,54034102;0,298629969;0,287878603;0,477481186;0,152849108;0,512315094;0,702009439;0,04770596;0,311891675;-0,027254961;0,649054646;0,277586728;0,587299883;-0,073249109;0,006259835;0,395646632;-0,225260824;0,501446962;0,620869517;0,435209483
sub-0388;0,219359845;0,646216631;0,287832677;0,349857628;0,41899395;0,236550167;0,218405604;0,390790075;0,178848743;0,13195233;0,225750744;0,405560285;0,387517065;0,698123515;0,113381274;0,100784041;0,242895454;-0,139384955;0,440181524;0,465710074;0,33198297
sub-0389;0,148913234;0,55806613;0,485865623;0,04351671;0,352374047;-0,097407691;0,62220788;0,62240392;0,127622262;0,18949531;0,002011259;0,625382185;0,100436412;0,528835595;-0,086106688;0,159230873;0,411718041;0,183977038;0,126970097;0,403591365;0,377569288
sub-0390;-0,040919673;0,396913797;0,061290283;0,233368576;0,19116421;-0,007814197;0,335413009;0,634027898;0,252131492;0,262714207;0,333905965;0,442220867;0,224941745;0,463416874;-0,000206462;0,061917182;0,355829656;0,156790808;0,204320878;0,439223439;0,473904997
sub-0391;0,514621973;0,739997327;0,379579991;0,536691785;0,456690043;0,462837934;0,673772454;0,424744874;0,523972094;0,521455407;0,511942208;0,524628758;0,572490454;0,674012721;0,608165979;0,368433595;0,486755967;0,294707209;0,528452277;0,590137184;0,746552587
sub-0392;0,850408554;0,736711919;0,809879839;0,62550807;0,474650383;0,762543559;0,68612802;0,800624967;0,53859669;0,466933936;0,717173219;0,791637301;0,506744266;0,780728102;0,705235422;0,61056602;0,628817797;0,760553658;0,487038523;0,633170247;0,538544774
sub-0393;0,641316056;0,793710053;0,448047251;0,428269714;0,566844046;0,611574292;0,575070262;0,52922225;0,115701906;0,35296914;0,547275662;0,49067384;0,476669103;0,642395079;0,629580915;0,450682729;0,57450074;0,533999383;0,581364632;0,513867974;0,592839122
sub-0394;0,715235293;0,615261197;0,30954963;0,64244616;0,318885088;0,653617203;0,603483438;0,504362345;0,565630376;0,389308304;0,663401425;0,336886048;0,504817247;0,77464819;0,646250904;0,45255965;0,498877645;0,513730824;0,456222951;0,728015125;0,607738137
sub-0395;0,315027148;0,408477664;0,268901944;0,394429266;0,322504759;0,437912136;0,814580142;0,743011177;0,077392735;0,622156322;0,42066884;0,711455524;0,185966104;0,649649084;0,43721655;0,164410219;0,727213144;0,301039815;0,24375239;0,492517024;0,573079586
sub-0396;0,689661264;0,663112402;0,629092991;0,442658484;0,446572334;0,696697831;0,707484186;0,809401572;0,411538661;0,480673343;0,636499882;0,637963653;0,53361392;0,521862447;0,671393216;0,456897974;0,644491374;0,685065866;0,408524185;0,706360936;0,669900298
sub-0399;0,659371734;0,757369399;0,484709203;0,465753525;0,550381362;0,663047254;0,794923484;0,787466645;0,407744259;0,64930892;0,734108508;0,683982849;0,465659618;0,740060747;0,688056469;0,359809428;0,720184565;0,634819329;0,437655091;0,571043789;0,629511714
sub-0400;0,811141789;0,727256715;0,555882454;0,565609455;0,20884712;0,656689584;0,678757906;0,641532838;0,499638975;0,079776816;0,592217624;0,698216915;0,48391068;0,518031061;0,583329141;0,410831392;0,425318182;0,465598583;0,169605032;0,517132103;0,401323467
sub-0401;0,523507118;0,665205002;0,662577152;0,531426072;0,634768367;0,59622407;0,585297942;0,745390296;0,448110104;0,498347849;0,425671011;0,745249152;0,551653683;0,717998505;0,543499708;0,448524237;0,677630723;0,548030972;0,558575749;0,539103866;0,753136158
sub-0403;0,127655551;0,511429846;0,262638927;0,157569528;0,223783925;0,063327193;0,705104291;0,563146412;0,239538193;0,408931911;0,34619242;0,497173816;0,332479715;0,421447009;0,301183373;0,231853366;0,357391149;0,084548838;0,303977042;0,345800191;0,686040521
sub-0404;0,630040288;0,645824134;0,61141336;0,494582117;0,617178559;0,520617366;0,822916627;0,865974903;0,595663071;0,706631958;0,61393398;0,828480065;0,465664804;0,826302409;0,623774946;0,470428348;0,70507282;0,491820723;0,473482817;0,67430836;0,663378716
sub-0405;0,311368823;0,648419797;0,292746902;0,031397283;0,590200722;0,455149472;0,433094561;0,544395268;0,167090341;0,36337471;0,303827792;0,466071129;0,104817607;0,417171061;0,177827403;0,088545881;0,389609545;0,061878711;0,133189633;0,348279625;0,675299525
sub-0407;0,376275718;0,215355158;0,140167043;0,31248942;0,037410937;0,370843768;0,556135476;0,802718818;0,632237792;0,414256006;0,548580945;0,736827135;0,518103898;0,784218073;0,464225143;0,567059755;0,672569275;0,500070333;0,425422162;0,610858023;0,547825336
sub-0408;0,577583492;0,783161223;0,608077645;0,279464155;0,806854904;0,693592489;0,438443393;0,803954422;-0,036183171;0,635940254;0,510620475;0,541026711;0,241980985;0,759913504;0,637937307;0,195643708;0,71157378;0,658152044;0,361648887;0,518424571;0,79722321
sub-0410;0,495189309;0,580088437;0,499552101;0,158738822;0,439753711;0,190211058;0,367243648;0,61741668;-0,175143525;0,333860397;-0,061324362;0,497272104;0,018489139;0,583778262;0,15890412;-0,098725915;0,649917066;0,157544553;-0,074449919;0,180773214;0,432766676
sub-0411;0,16345039;0,530672431;0,227823362;-0,159715742;0,208963454;0,116631672;0,307136416;0,63761133;0,082010768;0,226611763;0,273942858;0,547285914;-0,02216935;0,707062483;0,515473783;0,186626598;0,482968092;0,505084991;0,036594499;0,338501573;0,654582381
sub-0412;0,569113314;0,393164635;0,203781545;0,32368055;0,353791744;0,410481632;0,149524286;0,160808012;0,199899822;0,128430963;0,408033162;0,557134449;0,163353726;0,629014194;-0,010714628;0,067413926;0,614143193;-0,019425504;0,219409883;0,473028094;0,198827356
sub-0418;0,886034071;0,918299615;0,822405756;0,668223441;0,828912377;0,854474425;0,920507133;0,870420814;0,733880699;0,824021816;0,861952364;0,856939554;0,700408936;0,838150144;0,821342289;0,632898033;0,916466951;0,864698708;0,622294366;0,678559601;0,861374855
sub-0419;0,632611811;0,462501466;0,431039661;0,294045895;0,412873268;0,568207383;0,768923163;0,794449329;0,334638;0,659208596;0,422986835;0,744800508;0,325767338;0,66292721;0,289275229;0,309973121;0,735940039;0,31923905;0,412475556;0,579340577;0,573629439
sub-0421;0,426217288;0,612202168;0,426673084;0,053195264;0,223981366;0,213072225;0,670640945;0,666009068;0,446982861;0,513255239;0,547066867;0,614548445;0,34430778;0,649830341;0,504859209;0,264214724;0,492803067;0,232970834;0,44911769;0,651925862;0,606371164
sub-0425;0,241961658;-0,118200734;-0,210171342;-0,125645563;0,142304212;0,328655511;0,198536202;0,457274377;0,236638069;0,357573152;0,567786038;0,462441832;0,558575571;0,689050257;0,371068388;0,330484658;0,512640536;0,374813735;0,431173384;0,349015772;0,676748574
sub-0435;0,295937419;0,522630155;0,40617907;0,134614244;0,352575362;0,27677545;0,587763727;0,608462811;0,12300621;-0,037129357;-0,155540094;0,63088733;0,285358042;0,478884757;0,221027166;0,229428634;0,207265496;0,031254191;0,340150952;0,393273532;0,53754127
sub-0441;0,47823593;0,609680533;0,458964348;-0,037904836;0,435845315;0,416507781;0,759039223;0,737065732;0,073885612;0,485858351;0,510618448;0,771312833;-0,038422354;0,735760629;0,422591656;0,121057987;0,62264806;0,412382632;0,022458652;0,450185955;0,469715595
sub-0457;-0,040742483;0,469546258;0,180739358;0,296414822;0,40367955;0,149629831;0,389185399;0,628090441;0,321505725;0,384048015;0,39241451;0,577563286;0,264587492;0,690224171;0,037375014;0,382095903;0,543231606;0,27546677;0,529814839;0,612696052;0,26142785
sub-0458;0,567547977;0,485357076;0,451622903;0,029997785;0,538897276;0,070110597;0,679139912;0,802205265;-0,043812193;0,436802357;0,202852339;0,678644717;0,098219141;0,675726473;0,329162389;0,073343135;0,538084626;0,205449328;0,339113265;0,542757511;0,423703969
sub-0465;0,529920697;0,589872241;0,460757703;0,408495128;0,306221873;0,388464838;0,289515585;0,401755959;0,258083731;-0,074184448;0,169766471;0,546958804;0,434721142;0,700206161;0,424413711;0,10509567;0,265414208;-0,085862681;0,418877155;0,63713485;0,529928505
sub-0466;0,437548786;0,521365404;0,471418649;0,342965901;0,524370134;0,461403817;0,812835515;0,789842904;0,392892629;0,671943307;0,614122748;0,707504511;0,454748571;0,745556116;0,677055478;0,354091227;0,682600737;0,590957165;0,377352118;0,458943248;0,692192376
sub-0479;0,618284404;0,68947494;0,671359658;0,113665201;0,679741979;0,709263802;0,642918885;0,81040889;0,020387679;0,655766547;0,594562292;0,681419849;0,080091327;0,72910738;0,699182212;0,088139549;0,742818356;0,676805556;0,124699682;0,242520571;0,855753839
sub-0496;0,262068868;0,618205786;0,251064539;0,378642261;0,427269101;0,529132307;0,082855627;0,492881745;0,235012382;0,307964325;0,381198287;0,358341962;0,494959772;0,686795592;0,429969072;0,147409052;0,508391738;0,186477974;0,480583429;0,36116749;0,362469882
sub-0501;0,595184386;0,682138205;0,334906965;0,221597552;0,051186819;0,200553566;0,696018457;0,653378129;0,306417197;0,194894031;0,293974638;0,577680051;0,243049055;0,506731749;0,50507766;0,239542723;0,40256089;0,352117717;0,122912332;0,483259857;0,600227475
sub-0502;0,417668313;0,47432071;0,374798715;0,491613895;0,305343837;0,586978853;0,684776425;0,466071218;0,379466921;0,083284639;0,479335397;0,669289112;0,36719206;0,414029568;0,496805072;0,290723413;0,573226213;0,352566361;0,155790925;0,508457243;0,308264285
sub-0503;0,766406476;0,737715065;0,585450292;0,540775061;0,512547612;0,387126803;0,82034421;0,757871926;0,659305632;0,732812047;0,434985757;0,807763577;0,666603506;0,791954577;0,375742882;0,647438467;0,848545492;0,275710672;0,71570915;0,454989374;0,304345131
sub-0505;0,268660992;0,403137118;0,273773342;0,202310443;0,299115628;0,138886303;0,553497851;0,588064849;0,438435972;0,369359314;0,329402477;0,450126261;0,274737477;0,374762475;0,065431193;0,327370226;0,635249972;0,386981845;0,284286827;0,54746747;0,460502952
sub-0506;0,61785537;0,761688054;0,497544259;0,543297052;0,465900749;0,550501406;0,534553289;0,779818058;0,334858537;0,320774674;0,28900212;0,497292131;0,480725765;0,605879903;0,476222277;0,296782762;0,471107155;0,233882084;0,390132576;0,459201187;0,54143697
sub-0507;0,380915046;0,252835482;0,26758948;0,0417386;0,058538292;0,142785057;0,482323259;0,676955223;-0,13338688;0,303723991;-0,021185474;0,512208521;0,091239713;0,65352428;-0,063236468;-0,159667253;0,302134693;-0,118879169;0,032509033;0,025465699;0,227333426
sub-0516;-0,260443002;0,524392724;0,295060188;0,065205701;0,409571886;0,011705001;0,113030098;0,215940207;0,263478816;0,082297586;0,403374314;0,285977602;0,228213012;0,57386601;0,119057633;-0,068405636;0,197661757;-0,123651512;0,286858559;0,597576559;0,286671847
sub-0517;0,208452493;0,58374995;0,338150024;0,148649856;0,274137735;0,256579131;0,699901581;0,793438613;0,490510374;0,70318383;0,505736411;0,704849422;0,371799111;0,639077544;0,362154245;0,508943021;0,812054813;0,690979362;0,487901509;0,538431585;0,752902091
sub-0524;0,771663725;0,831018806;0,489328563;0,46115616;0,348376751;0,482344389;0,781794131;0,483900696;0,476919621;0,360542476;0,594592214;0,547843039;0,427407652;0,515793562;0,542517126;0,273688793;0,561053395;0,500577509;0,266052961;0,511303842;0,688943028
sub-0525;0,50752306;0,703091204;0,553996682;0,442037404;0,328763753;0,37263307;0,776368678;0,693778932;0,532322407;0,528200626;0,60351634;0,732734084;0,557530463;0,572334826;0,540586889;0,537461579;0,394238383;0,405954272;0,614364624;0,679536343;0,805513263
sub-0528;0,646252096;0,710080981;0,69851613;0,251879275;0,436763853;0,595200062;0,840376616;0,835068464;0,094136387;0,65829432;0,483011246;0,747435272;0,287331402;0,723953009;0,564856291;0,074479483;0,669551134;0,494844764;0,204356059;0,529930413;0,47908029
sub-0549;0,646910846;0,749158084;0,4682163;0,349425972;0,331148952;0,250570267;0,702255845;0,738487422;0,563138604;0,436255574;0,400467217;0,629591346;0,459372938;0,444897324;0,158351198;0,471437067;0,543561995;0,210093677;0,428434998;0,493432939;0,412362188
sub-0550;0,421568722;0,632848859;0,581841707;-0,01934633;0,670678854;0,605433464;0,592853427;0,809677899;0,119802155;0,56016922;0,630580485;0,647250235;0,143126369;0,837845147;0,739960849;0,084732965;0,682307363;0,674851477;0,166020185;0,355686992;0,777233303
sub-0551;0,849133968;0,900660098;0,785918713;0,6094203;0,717065394;0,73130548;0,842813969;0,886778653;0,547890425;0,757872939;0,779938161;0,827802062;0,608078539;0,812352061;0,735393643;0,46190688;0,740095437;0,685593605;0,507658184;0,743405461;0,747069299
sub-0552;0,694472849;0,856820762;0,631674409;0,584663987;0,734323323;0,60449636;0,852389693;0,787701607;0,647366762;0,745503724;0,718875289;0,813592196;0,682991982;0,873794734;0,752266943;0,596874833;0,876926363;0,62591958;0,617496908;0,653096795;0,69629401
sub-0553;0,795707226;0,706142247;0,616989255;0,391121596;0,765434623;0,85634321;0,840917766;0,834162831;0,387849152;0,802489877;0,72584033;0,783485353;0,430114478;0,822532773;0,689204931;0,292569906;0,740839064;0,524257123;0,380328298;0,517010152;0,75319469
sub-0554;0,699095488;0,51097554;0,406631142;0,003293428;0,12875393;0,191521123;0,340372264;0,547818601;0,169999853;0,090712257;0,008528261;0,540999055;0,259474874;0,625268757;0,554934382;0,32630375;0,539114535;0,288758069;0,242122948;0,176783875;0,531105638
sub-0555;0,537807226;0,466155946;0,552911162;0,137620524;0,217883483;0,250949413;0,409454405;0,624537766;0,243250117;0,296969146;0,387148917;0,515520036;0,406497121;0,589102387;0,21610935;0,140862122;0,295591652;0,148603559;0,443376452;0,344892055;0,50696969
sub-0556;0,023365524;0,456347883;0,137692824;0,250467807;0,28613764;0,350995719;0,431958556;0,619640708;0,179841012;-0,026724054;0,101337522;0,603680968;0,26200068;0,597300828;0,557569802;0,240895614;0,466025978;0,483843297;0,29053238;0,610438406;0,701249421
sub-0566;0,299156725;0,01988662;0,422957689;0,024661951;0,023362307;0,257253289;0,030435478;0,618133783;0,124884151;0,025748115;0,371761739;-0,077102825;0,217722654;0,504825592;-0,051052086;-0,026967051;0,179936096;0,417998493;0,029914392;0,308700204;0,126558423
sub-0567;0,573734462;0,644863069;0,267624766;0,264531285;0,121748105;0,520416915;0,463861138;0,428040504;0,133790821;0,032445263;0,299372137;0,350483835;0,28945002;0,042698082;0,438163221;0,237125471;0,177746549;0,110015787;0,121645093;0,429435283;0,144048557
sub-0568;0,432877481;0,587150395;0,461974531;0,254341155;0,522980273;0,487401307;0,475315094;0,836621523;0,161049902;0,556235492;0,549868643;0,577424347;0,361447245;0,727865875;0,410982311;0,15994978;0,662500739;0,490773231;0,303080678;0,307072133;0,673530161
sub-0569;0,318593323;0,40364942;0,49832955;0,150588736;0,384898514;-0,010254068;0,316986918;0,648019135;0,375948191;0,541063488;0,172697097;0,393951803;0,157821402;0,493879795;-0,072327338;0,249387547;0,657182217;-0,031434204;0,383158922;0,505299926;0,201282829
sub-0575;0,238883898;0,622068167;0,365699828;0,263445467;0,18409504;0,281844467;0,56153065;0,631098211;0,514272571;0,310599118;0,535397589;0,662367046;0,463575333;0,564494133;0,526913822;0,466759264;0,673015594;0,607303917;0,226779506;0,621819735;0,577156484
sub-0577;0,473428011;0,768005371;0,409259468;0,106389649;0,595710218;0,29351896;0,694823205;0,739944518;0,507404327;0,610998213;0,487223625;0,655414581;0,284184843;0,765951693;0,464937657;0,502419531;0,684223294;0,518143475;0,410160065;0,481688738;0,543078959
sub-0578;0,289678097;0,745269835;0,420572788;0,483426511;0,761260033;0,657123506;0,590600014;0,84683758;0,422255427;0,581914723;0,312870592;0,715434372;0,574639142;0,870320678;0,45033282;0,503238678;0,749098361;0,442066878;0,619483471;0,359135777;0,648279667
sub-0579;0,573058665;0,571409047;0,685779035;0,398749232;0,592744589;0,623457551;0,697574019;0,763827324;0,071266867;0,602494419;0,521545529;0,743574321;0,055843022;0,659060717;0,392332822;0,056397885;0,640902877;0,506305575;0,241964236;0,537648022;0,720352352
sub-0580;0,859982193;0,882417679;0,789438486;0,472707748;0,632688522;0,768396914;0,884115815;0,876687348;0,469874293;0,574878991;0,753636956;0,836579919;0,405533403;0,741685688;0,796139598;0,420112163;0,613700926;0,79113239;0,149682641;0,279345781;0,762875199
sub-0582;0,307109684;0,266960442;0,595100641;0,518853307;0,463822275;0,578394949;0,238103792;0,413378716;0,04020701;0,12178003;0,144634455;0,243018433;0,178399459;0,240278408;0,213746399;0,483805031;0,664820373;0,621090293;0,565260649;0,664405048;0,702939451
sub-0583;0,390740603;0,648703754;0,264547676;0,522734821;0,438117832;0,499077708;0,574290216;0,711881757;0,578052223;0,357117176;0,426275969;0,504323006;0,577545106;0,659546793;0,549826801;0,495248795;0,249718025;0,228826523;0,42656526;0,550287843;0,684470534
sub-0588;0,457000464;0,695283413;0,4466649;0,504325449;0,543089628;0,454943717;0,563629627;0,629157007;0,594688892;0,537213743;0,504226089;0,629867256;0,693174899;0,795569658;0,584505796;0,712042868;0,740111232;0,653587401;0,846336067;0,808003902;0,806072414
sub-0593;0,387986362;0,767758548;0,269590706;0,049786076;0,28368032;0,095623024;0,543025374;0,572949529;0,332033426;0,514987111;0,346981168;0,521588326;0,181123927;0,594428837;0,24033758;0,296672046;0,705717206;0,438805193;0,16735442;0,515495002;0,404379755
sub-0594;0,119383559;-0,106096126;0,333054185;0,38444218;0,373004526;0,447280258;0,417671978;0,364474565;0,168834314;0,43563953;0,1696814;0,018957602;-0,146630973;0,334517539;-0,01825982;0,353123873;0,521226525;0,372971237;0,394417524;0,592308164;0,55533272
sub-0595;0,544444144;0,699763;0,63493669;0,486199826;0,507595599;0,328988671;0,545476675;0,832636476;0,506878078;0,043844622;-0,095165431;0,675615728;0,529892564;0,564404607;0,199543163;0,558273137;0,244901896;0,111600451;0,321653306;0,326890767;0,704437852
sub-0596;0,032399721;0,336494029;0,008575932;0,354907513;0,389823794;0,484587491;0,318871379;0,70420748;0,233086854;-0,206308618;-0,202531695;0,537369132;0,158370778;0,307925671;0,005348488;0,180442184;0,096387967;-0,17816934;0,247550637;0,342952549;0,562242985
sub-0597;0,194476768;0,720888734;0,397222966;-0,069088183;0,265001982;0,341709793;0,2165903;0,49478066;0,21588555;0,200108767;0,350900412;0,492061406;-0,107114747;0,432948261;0,315784872;0,191057399;0,60630548;0,564771891;0,068805367;0,306635618;0,57331419
sub-0598;0,448071361;0,588250339;0,239812598;0,148769915;0,075683497;0,361822993;0,523165166;0,451141775;0,117266335;0,099941738;0,143304333;0,347333312;0,113263912;0,499727547;0,423067927;0,231625333;0,319238424;0,177875638;0,13892056;0,319449544;0,4280608
sub-0599;0,69230181;0,529458582;0,404642463;0,32919243;0,23409164;0,164367229;0,492969185;0,546050906;0,523268342;0,366073728;0,336871862;0,460487813;0,343798518;0,631965756;0,091275439;0,238979563;0,40901199;-0,059658129;0,346468866;0,512493193;0,405504018
sub-0600;0,575806797;0,539656997;0,383722812;0,473428637;0,539810359;0,514048576;0,32658574;0,589338958;0,389878899;0,423537016;0,503422916;0,462187707;0,307079017;0,726480424;0,380840629;0,489346862;0,436447531;0,26340276;0,396698505;0,43295759;0,700239658
sub-0601;0,556114376;0,685109556;0,421799421;0,189003393;-0,096766874;0,005684006;0,706192076;0,764909923;0,279337168;0,255584389;0,167069882;0,599904299;0,304010689;0,179865882;0,047217958;0,270184398;0,288381994;0,022740958;0,460814357;0,379399061;0,692223728
sub-0602;0,656067371;0,446076781;0,435107708;0,336690962;0,419440538;0,483330727;0,611003816;0,664798915;0,333509952;0,333730847;0,271996051;0,636794925;0,477791846;0,595264673;0,347613871;0,378599197;0,479036391;0,277646631;0,499787748;0,669811189;0,677421093
sub-0604;0,683757782;0,631408811;0,71069473;0,576580167;0,661248863;0,65479213;0,689453065;0,858647645;0,424226999;0,689304471;0,442365855;0,836989582;0,457978487;0,677411258;0,327128172;0,492002159;0,722923398;0,417114437;0,640560448;0,739918172;0,666888475
sub-0605;0,178907856;0,487618148;0,544150651;-0,005620535;0,356798291;-0,008676002;0,341223091;0,370796978;0,278350353;0,075881146;0,262689918;0,476478487;0,124554873;0,678284287;0,395857632;-0,087174781;0,309328079;0,007883542;0,079549216;0,262877673;0,375845402
sub-0606;0,303176314;0,178189605;0,261671692;0,346646786;0,262770563;0,426289588;0,599473178;0,682067931;0,084871329;0,410001814;0,338967413;0,562666893;0,053117864;0,54001528;0,171505436;0,346582949;0,648474872;0,473229975;0,202869102;0,464404255;0,574701726
sub-0607;0,535066843;0,682934642;0,609556258;-0,002792962;0,593031347;0,344075501;0,656758845;0,85957855;0,119508475;0,678488195;0,580018103;0,723446906;0,093694791;0,791596293;0,540940762;0,242550507;0,729777038;0,597127557;0,186258718;0,505105674;0,724017918
sub-0608;0,621686816;0,666927993;0,735343516;0,547760427;0,730658472;0,568859279;0,742972255;0,780013442;0,647150934;0,764668822;0,480647773;0,725714266;0,648825586;0,85786128;0,410452336;0,599895179;0,839972198;0,529594421;0,66572845;0,609732926;0,505872369
sub-0609;0,360619962;0,405511677;0,280372173;0,4134776;0,357934773;0,470804095;0,558115065;0,507301927;0,489299119;0,454319149;0,456645429;0,326732129;0,264732391;0,807538211;0,247747824;0,068553768;0,219287544;0,019262001;0,225646615;0,46959734;0,289345771
sub-0669;0,656858802;0,514749825;0,368855536;0,136720985;0,324238449;0,571692705;0,426874101;0,534159601;0,277426302;0,104546674;0,437034428;0,547952414;0,017226294;0,752759337;0,424101561;0,103663616;0,365228146;0,085801832;-0,151146874;0,067036904;0,479029208
sub-0670;0,270818025;0,484165996;0,060280092;0,539727926;0,250858784;0,785469115;0,696523309;0,784865379;0,366073579;0,588394463;0,366567701;0,599322796;0,419159532;0,69379282;0,60251987;0,224814534;0,586139381;0,18939741;0,307232052;0,605660617;0,493016005
sub-0671;0,607739151;0,757686377;0,594190001;0,337397546;0,453492075;0,151819974;0,629361093;0,606492341;0,390058517;0,113383584;0,070968002;0,665294826;0,235587627;0,578961015;0,016461017;0,331736118;0,395735025;0,185557216;0,100589648;0,41718021;0,238757342
sub-0672;0,38394621;0,532661319;0,083218925;0,150595725;0,302529305;0,694574058;0,193239078;0,64831388;0,323209167;0,488808244;0,580595851;0,187777564;0,176773429;0,57512182;0,618082404;0,372012645;0,656167448;0,456655562;0,231141537;0,311728388;0,62902844
sub-0673;0,604218781;0,814275086;0,36449492;0,59968704;0,374601185;0,509189904;0,674470127;0,710508645;0,600803673;0,641636252;0,597409487;0,501773953;0,717404425;0,545500517;0,584540665;0,397610694;0,757853866;0,498340011;0,425775081;0,55839926;0,593891501
sub-0674;0,765600979;0,844095767;0,556079626;0,447695673;0,312862813;0,474749506;0,801841617;0,75398314;0,540317595;0,379192412;0,548876047;0,669575036;0,588232815;0,550230563;0,618993044;0,574637175;0,671225667;0,693792105;0,565374196;0,62189275;0,789148808
sub-0675;0,605418086;0,780898154;0,506068289;0,238971114;0,283143312;0,327581584;0,745211363;0,816431522;0,355210453;0,65034318;0,449416101;0,652220607;0,149312377;0,531625628;0,176208109;0,213429987;0,666654289;0,425148726;-0,013044345;0,562896013;0,293706357
sub-0676;0,841900706;0,780741394;0,755898893;0,841960847;0,593041956;0,819763899;0,802909255;0,86435312;0,850136399;0,660413563;0,877540827;0,859624386;0,775321484;0,86246115;0,781358242;0,815747261;0,822169065;0,84640187;0,64627862;0,830122828;0,714103103
sub-0689;0,490530193;0,467888594;0,25230673;0,523479402;0,441185981;0,623339951;0,517021239;0,724325776;0,190073073;0,52689153;0,143077388;0,587788403;0,152318463;0,614372849;0,119128935;0,032149624;0,583776832;-0,085603759;0,259206444;0,607689559;0,266834438
sub-0690;0,497366011;0,819484055;0,606843114;0,542846859;0,382766038;0,39054966;0,633177459;0,872772932;0,274305671;0,303537011;0,201435775;0,723614275;0,481973141;0,442230791;0,443311274;0,324647993;0,441807359;0,280531794;0,290849388;0,556513011;0,619942605
sub-0691;0,242396086;0,642856359;0,345736265;-0,112360045;0,127512142;-0,109033734;0,472036839;0,693160474;0,159771129;0,209422544;0,002383066;0,528065145;0,161270306;0,382123381;0,097662322;0,088317655;0,439207822;0,023401069;0,407637328;0,619952619;0,569358528
sub-0710;0,420451522;0,623144925;0,426872104;0,442135394;0,587507486;0,217685789;0,534684896;0,738953829;0,367781103;0,59626621;0,283312291;0,65602088;0,516677499;0,672347426;0,095153525;0,503399551;0,613950133;0,054757919;0,584192932;0,324637562;0,57835108
sub-0711;0,55417484;0,614368796;0,085456744;-0,108824067;-0,201014951;0,270750642;0,665189266;0,583124042;0,049631242;0,156831235;0,462046742;0,462084085;-0,022385404;0,15813835;0,182363197;0,305128783;0,602067471;0,290163785;0,347041667;0,075897321;0,319286227
sub-0712;0,644919634;0,720874667;0,601039469;0,098913081;0,502516389;0,499790907;0,68902868;0,698376656;0,052810136;0,535269797;0,447031051;0,692382991;0,12528567;0,661349595;0,537232041;0,016778966;0,641461015;0,501329958;0,082816042;0,159585953;0,763166666
sub-0713;0,641389012;0,756501436;0,551863253;0,442339331;0,414147615;0,465682238;0,776037216;0,760966599;0,309115648;0,285494179;0,189397231;0,720420182;0,339130282;0,488417447;0,334694266;0,406778783;0,465121239;0,335648566;0,486240923;0,763655186;0,673579216
sub-0714;0,698090315;0,794784665;0,594092786;0,562936544;0,659302831;0,680999339;0,710861802;0,724935532;0,652623057;0,609592438;0,571609795;0,581596792;0,568755686;0,764092386;0,618954718;0,536503613;0,570770442;0,385997295;0,557523847;0,725361586;0,632746637
sub-0715;0,36687541;0,632117867;0,157029852;0,393149406;0,544832826;0,324409157;0,343046725;0,724003255;0,237438321;0,034303568;-0,110834993;0,10173896;0,386106402;0,519763172;0,145420685;0,05530211;-0,081848763;-0,344958842;0,304365069;0,422410965;0,480595499
sub-0716;0,732744157;0,785793781;0,635872006;0,551971972;0,591057479;0,528125644;0,832890093;0,878420532;0,600784898;0,67227304;0,491229147;0,815299094;0,544572175;0,774793446;0,472492397;0,60328871;0,670889735;0,357198954;0,56534344;0,651728451;0,636350036
sub-0725;0,402023792;0,680310547;0,317338169;0,551540196;0,617209852;0,510491669;0,594938397;0,666457355;0,481867105;0,569931149;0,25832054;0,688065469;0,5467152;0,704199731;0,240600377;0,441750407;0,580475509;0,125407144;0,705660641;0,550451577;0,574509919
sub-0726;0,424954802;0,545768261;0,19806765;-0,067696594;0,285599053;0,029457275;0,451526523;0,710218787;0,109637827;0,303148985;0,003424827;0,244155154;-0,048702836;0,593837142;-0,001879672;0,106153443;0,179024726;-0,060660362;0,172240779;0,523389757;0,253760159
sub-0727;0,298900366;0,484454751;0,308008641;0,138744786;0,101993702;0,055307373;0,305953711;0,4405756;0,186485201;0,246557206;0,401186436;0,215577245;0,020063238;0,241886526;-0,064012133;0,113622136;0,186659366;0,288022935;0,239888385;0,488815755;0,461071938
sub-0728;0,432678878;0,607197046;0,423704326;0,370689273;0,184394032;0,260593504;0,494651496;0,787000775;0,163927868;0,235989109;0,184284836;0,537514925;0,361378372;0,42339775;0,111516923;0,23418434;0,428944916;0,261449933;0,273523301;0,484910756;0,510847807
sub-0729;0,625863791;0,580351233;0,571243763;0,54971242;0,585725963;0,62606585;0,742676198;0,852221906;0,528472424;0,767795801;0,674828708;0,806764305;0,490526587;0,751515627;0,68522805;0,522657633;0,800888538;0,621139288;0,604064941;0,616937578;0,814824104
sub-0730;0,578719079;0,74915576;0,647957742;0,548919022;0,597459614;0,638255298;0,553794801;0,70554018;0,621796548;0,395869404;0,469230592;0,721494019;0,654469073;0,816269696;0,697005808;0,629856884;0,618710577;0,574026346;0,626211762;0,662156165;0,749426365
sub-0731;0,688169062;0,674608111;0,615333736;0,393281311;0,506840289;0,580243468;0,698468328;0,779093802;0,387697935;0,509143054;0,470978618;0,703322172;0,414414138;0,645050287;0,467444539;0,343730688;0,550091147;0,409625709;0,304182321;0,499933541;0,587926388
sub-0738;0,45262441;0,45090875;-0,13772507;0,554492474;0,210375607;0,647256792;0,541541755;0,42818293;0,413715333;0,318451136;0,262890548;0,396226823;0,593061149;0,667466342;0,27669552;0,091196612;0,496076316;-0,211057201;0,366307914;0,330742598;0,363724113
sub-0739;0,811742485;0,743517518;0,524864972;0,30576396;0,408551008;0,532159686;0,671874225;0,759745479;0,206453726;0,393735915;0,39552027;0,418330938;0,356630206;0,642121494;0,638453364;0,07584241;0,315110028;0,019636802;0,297894895;0,486319125;0,686395586
sub-0740;0,681878984;0,55069387;0,47692889;0,42109862;0,441986799;0,444147527;0,606089175;0,625285149;0,349120617;0,495481163;0,410947055;0,511425793;0,287328988;0,568543434;0,443023145;0,272671044;0,616709828;0,201154128;0,257731199;0,317734748;0,463430136
sub-0741;0,249721304;-0,216704682;0,029490665;0,482878476;-0,298120499;0,304534674;0,689357281;0,818806529;-0,044182856;0,492089272;0,35936144;0,791502535;-0,234309301;0,831926465;0,328329563;-0,074461341;0,733064592;0,469996154;-0,150922433;0,40185082;0,424397975
sub-0742;0,561378539;0,799322128;0,606048822;0,447862059;0,580523074;0,449646503;0,705082834;0,900910079;0,505798519;0,707402468;0,721560538;0,746841609;0,355208308;0,794766724;0,531958997;0,485134423;0,779464781;0,748039544;0,325347424;0,552302897;0,701457202
sub-0750;0,441269577;0,387294412;0,426016808;0,237447411;0,246409968;0,232253715;0,723032057;0,830132186;0,448580235;0,603355587;0,170002311;0,712101221;0,449174464;0,775579929;0,173242301;0,29737401;0,547157466;0,045735318;0,474223316;0,596561193;0,429360121
sub-0751;0,259986281;0,496025741;0,431206763;0,260520071;0,545401096;0,57220763;0,396111667;0,683828652;0,311282694;0,38264367;0,586779177;0,612653136;0,204281464;0,550027788;0,384703755;0,28261137;0,595714986;0,518766761;0,319730848;0,41713798;0,663219571
sub-0752;0,506237745;0,675269663;0,588173807;-0,092932619;0,296052366;0,059429739;0,636215329;0,570647538;0,110593915;0,095423408;0,12219356;0,666181624;0,05171397;0,46961683;0,085636795;-0,018813604;0,325192869;-0,103658356;0,099307157;0,296270788;0,235312685
sub-0772;0,686451912;0,55316329;0,511762917;-0,133802712;0,438862562;0,413851053;0,394590527;0,483351111;-0,255142391;0,301740944;0,139995977;0,6675843;0,129780576;0,83428508;0,143515989;0,00680619;0,719752491;0,17569004;0,211291179;0,223756835;0,272017419
sub-0773;0,777544141;0,762113094;0,723484516;0,488328904;0,679365516;0,811879575;0,845009506;0,925424218;0,524756491;0,835409343;0,857645869;0,841206849;0,439578235;0,841592371;0,816143274;0,539420664;0,86855644;0,843454957;0,457346976;0,49907136;0,834616244
sub-0774;0,578834832;0,680302858;0,635043025;0,395300567;0,664596081;0,662373841;0,609134376;0,669978976;0,246356964;0,627779126;0,72226578;0,734549701;0,301059484;0,752865374;0,597558379;0,263280481;0,763722718;0,686243951;0,273900151;0,30873096;0,687943399
sub-0775;0,259899735;0,724115908;0,469164521;0,294901609;0,508221507;0,155588761;0,556725025;0,718346775;0,151546255;0,50148201;0,246697187;0,685939074;0,262405217;0,680548787;0,177933097;0,134281695;0,52108115;0,00080162;0,316636413;0,445952863;0,546461582
sub-0789;0,719254434;0,866368771;0,767387211;0,407028645;0,77000457;0,764835715;0,679037452;0,787174344;0,58128953;0,665112972;0,765687644;0,737483263;0,403429925;0,83478266;0,732533157;0,529910326;0,677000642;0,733596921;0,566520691;0,68379122;0,781695902
sub-0791;0,047831699;0,627815723;0,228784725;0,059573442;0,209530577;-0,220892176;0,137828395;0,632006764;0,397602737;0,293795079;0,474279314;0,237061515;-0,024561994;0,331390142;-0,197098047;0,276331604;0,449003458;0,376817256;0,125513181;0,350099713;0,493220389
sub-0792;0,682041585;0,843002558;0,621303201;0,385706067;0,711143255;0,705333292;0,83933109;0,729539394;0,327549756;0,476325363;0,512956142;0,705731571;0,389280766;0,690217912;0,654053211;0,394185305;0,528900445;0,428979993;0,411621422;0,369616508;0,811349511
sub-0793;0,710749447;0,783523023;0,606732905;0,544018626;0,49488613;0,410679221;0,718503356;0,728860199;0,628569543;0,348879665;0,430177867;0,763233781;0,537289202;0,717743337;0,314432561;0,47095868;0,621253014;0,280956805;0,259303719;0,536982119;0,226178959
sub-0794;0,604012668;0,733556151;0,623824656;0,52923435;0,600442588;0,412484258;0,710734487;0,864564717;0,484183371;0,647293568;0,52829504;0,741330981;0,571016729;0,861171424;0,566390634;0,529847085;0,654246688;0,508713126;0,641996682;0,691783905;0,693159878
sub-0795;0,262531281;0,574065387;0,322555751;0,161731809;0,394087464;0,408615202;0,623282492;0,817113698;0,15503484;0,60489893;0,636438966;0,624535084;0,319768518;0,767604351;0,653924704;0,228371203;0,607997835;0,622102499;0,385585517;0,49495557;0,79662025
sub-0796;0,606295109;0,136182874;0,463451356;0,327545106;0,180162221;0,277357846;0,436183125;0,72884202;0,388910115;0,403354853;0,353227824;0,540850699;0,14914456;0,646126628;0,160858497;0,364666492;0,579171658;0,371020496;0,45439294;0,65442735;0,511811376
sub-0797;0,314653695;0,652588785;0,387906998;0,222378165;0,470796347;0,072941273;0,642932594;0,724873722;0,668752432;0,535313904;0,525090814;0,591247916;0,546405196;0,70166862;0,239382535;0,481250614;0,617667496;0,395549715;0,537458181;0,554489553;0,416356206
sub-0846;0,474714249;0,78765583;0,553152502;0,05644723;0,501454115;0,496912718;0,61650306;0,729181707;0,496530831;0,643344402;0,697044194;0,61335814;0,258953661;0,664821088;0,643510461;0,294879198;0,586577415;0,622760832;0,430789292;0,547827959;0,798153639
sub-0847;0,590948224;0,544465601;0,465160906;0,19868128;0,616224468;0,66889894;0,390765816;0,557182133;0,255790055;0,506949246;0,538868368;0,356015742;0,41014111;0,758867323;0,466259032;0,203521729;0,549368501;0,618186414;0,525038421;0,432501733;0,660596669
sub-0850;0,346565783;0,344464868;0,172288239;0,200112119;0,215361863;0,440625161;0,364181727;0,400957823;0,388132393;0,122532435;0,386619687;0,214822039;0,095740259;0,526652873;0,018289145;0,220720112;0,292045951;0,071429498;0,303753316;0,527327776;0,286695123
sub-0851;0,218491882;0,310223252;0,02833675;0,178577945;0,218201295;0,167338714;0,555950403;0,597852767;0,133056626;0,386835128;-0,143936992;0,708941877;0,16990146;0,666849315;-0,044119447;0,073869601;0,497382522;-0,269109309;0,019237848;0,425160617;-0,061748426
sub-0852;0,701349139;0,624492109;0,506007016;0,288943708;0,430279464;0,136465013;0,604116976;0,757446468;0,403920054;0,606929064;0,240680397;0,572305322;0,141206875;0,639906466;-0,077666394;0,190186828;0,469151944;-0,018858172;0,280886322;0,479470164;0,365500331
sub-0853;0,653916061;0,480255246;0,493959069;0,529991686;0,358644366;0,244043469;0,735643804;0,811433196;0,266926557;0,590147734;0,122567542;0,81651783;-0,024495538;0,762590408;0,01410648;0,047136016;0,631631315;0,078863159;-0,132138476;0,339732677;0,271407962
sub-0854;0,46541968;0,698682189;0,414666533;0,135586619;0,433198273;0,376595795;0,75702548;0,815620244;-0,002710107;0,721348941;0,668056905;0,716714442;0,043621473;0,790925682;0,679890633;0,018961756;0,733841002;0,570754766;0,122484297;0,095253162;0,70861721
sub-0855;0,369607359;0,208193749;0,184872106;0,195178121;0,114367791;0,142456651;0,45573613;0,543415964;0,137888342;0,463637918;0,340046078;0,612458169;-0,050016634;0,650848448;-0,303775936;0,089000523;0,534774482;0,064628392;0,028458931;0,207105651;0,128777564
sub-0857;0,15805234;0,776356399;0,442810088;0,248868063;0,538524628;0,029593704;0,223649532;0,740423381;0,00513228;0,436288208;0,266338259;0,502426088;0,380854815;0,6391868;0,145046443;0,101574399;0,604695261;0,134447306;0,419598311;0,550346076;0,422254235
sub-0858;0,250657976;0,574099243;0,300954729;0,37169981;0,393820196;0,30237031;0,747274816;0,84406662;0,380693018;0,760301173;0,763460279;0,743155658;0,437320292;0,844552577;0,706352115;0,418719709;0,733247757;0,673733115;0,41847223;0,461684406;0,845666647
sub-0859;0,680677652;0,58604157;0,474570513;0,332207412;-0,153617918;0,086090431;0,536731184;0,687113941;0,282457024;-0,095504142;-0,055675585;0,538799822;0,090101458;0,350959778;0,256133944;0,019429119;0,297873765;0,168142974;-0,300057143;-0,031096617;0,366611809
sub-0860;-0,117432728;0,518426478;-0,062657855;-0,1926025;0,104018077;-0,156365618;0,012562033;0,503925443;0,188546479;0,159030199;0,162498459;0,075905256;-0,067158647;0,556084394;-0,116071746;0,460152864;0,076506972;-0,100958787;-0,033447254;-0,079373218;0,263365716
sub-0861;0,456808686;0,550758004;0,168988928;0,129309446;0,318821818;0,311348617;0,322688937;0,633496344;0,087765656;0,118100002;-0,039761316;0,365107149;0,196134105;0,605406404;0,184699252;0,08254081;0,236251771;-0,166727901;0,272731543;0,385566294;0,276641458
sub-0862;0,337829262;0,368824899;0,222170115;0,371559441;0,304575384;0,445737779;0,272191107;0,731767058;0,66482985;0,708919525;0,701783001;0,107990667;0,311410874;0,140945762;0,241243199;0,66177094;0,783371389;0,753674209;0,707462251;0,732585311;0,785049677
sub-0863;0,197836488;0,549797654;0,231506959;0,040530853;0,444691539;0,043079998;0,174206853;0,531905413;0,208991274;0,190938249;0,399482161;0,228961959;0,202321574;0,77522248;0,068989612;-0,037842128;0,307714552;0,140557304;0,149221212;0,431684673;0,212291107
sub-0865;0,666884482;0,691935182;0,577503562;0,442471743;0,500799239;0,375308484;0,397766322;0,634597719;0,261809081;0,134796277;-0,027954236;0,562389255;0,508242428;0,53284055;0,216209441;0,390365362;0,396584541;-0,005496765;0,324321866;0,407949328;0,522068322
sub-0867;0,437753886;0,526539207;0,511487484;0,522163033;0,592542052;0,738126934;0,816619933;0,842294991;0,284448564;0,807014525;0,542820573;0,801058173;0,381269813;0,874681175;0,610020578;0,339624494;0,781451225;0,532780528;0,45261243;0,614552617;0,721679926
sub-0868;0,490906417;0,402934998;0,272321105;0,341822565;0,323994339;0,209372714;0,54505533;0,710790575;0,199921638;0,191690847;-0,013760267;0,42050758;0,155823171;0,524104893;-0,115042023;0,218565509;0,12234886;-0,036366682;0,238665834;0,508543074;0,390536249
sub-0869;0,464486718;0,658356965;0,473724723;0,099104181;0,475101769;0,163199529;0,69553262;0,725176215;0,190288603;0,52035445;0,047590315;0,628684878;0,150530472;0,684637249;0,349645913;-0,002644069;0,668008924;-0,062914319;0,04371009;0,275748372;0,30607897
sub-0877;0,778546572;0,744890213;0,624395072;0,620298684;0,782712638;0,718426645;0,715889871;0,773097277;0,641977787;0,798457503;0,762265325;0,677132189;0,689744771;0,781516671;0,714364946;0,461090058;0,692246377;0,535234213;0,69839865;0,710567117;0,754746199
sub-0878;0,566635072;0,745517254;0,544110239;0,501798272;0,668381512;0,571590126;0,775947094;0,868778646;0,701446533;0,820221663;0,718772113;0,716385663;0,676372588;0,754028738;0,625861049;0,622856796;0,850761473;0,696394026;0,689002275;0,68449986;0,795502603
sub-0880;0,22855036;0,632760823;0,287119329;-0,038379107;0,002266939;-0,103472397;0,36685726;0,312166333;0,329458833;0,046530798;0,226583734;0,443898886;0,123852693;0,146629646;-0,110909;0,380734116;0,503501892;0,393730223;0,430753529;0,630976439;0,417231232
sub-0881;0,643770754;0,76197207;0,555050373;0,454554915;0,411737114;0,414135188;0,62032187;0,733575523;0,527451098;0,649178445;0,495846063;0,604352057;0,452312618;0,582504153;0,491044253;0,349561989;0,597265601;0,279131591;0,545044959;0,635900736;0,652367353
sub-0882;0,429050565;0,380182445;0,386517018;0,249189824;0,322950274;0,153275371;0,156651646;0,645712435;0,276438832;0,352052301;0,164031506;0,042952355;0,56989044;0,433646828;0,36412093;0,079647005;0,447981805;-0,108556673;0,362611175;0,453604698;0,469462276
sub-0883;0,472791612;0,518724382;0,137088671;0,377054125;0,045031846;0,423495024;0,404433161;0,472011864;0,229644939;0,023406992;0,275225729;0,258693993;0,28417033;0,358944058;0,418937147;0,276628166;0,343264371;0,100820825;0,122223713;0,272498459;0,485732317
sub-0884;0,822352111;0,434901655;0,429779649;0,438124686;0,050012708;0,25223431;0,571755648;0,631434023;0,49715519;0,212426588;0,340536803;0,76318562;0,576539338;0,755213439;0,590334475;0,43739894;0,539248407;0,344101667;0,562313616;0,721603274;0,734850049
sub-0890;0,528297603;0,679086149;0,58653003;0,502340734;0,548168421;0,552008092;0,803551793;0,837330759;0,754781544;0,659220457;0,760574341;0,777060986;0,738946259;0,65668118;0,77288717;0,749780953;0,782305479;0,817811668;0,597043037;0,705289006;0,829770744
sub-0891;0,573799551;0,305604517;0,329723626;0,290801704;0,117592774;0,38499561;0,174041182;0,534354746;0,350467473;0,024359934;0,29284659;0,440138847;0,188451201;0,715829313;0,21771419;0,171815857;0,453251511;0,076741897;0,050523464;0,370998085;0,26702401
sub-0892;0,777997255;0,891107142;0,784869313;0,744652092;0,761372328;0,868046582;0,88434875;0,923776448;0,768892407;0,768031955;0,816521645;0,886480391;0,805048883;0,825562656;0,894289434;0,824696004;0,838708937;0,836204946;0,731449604;0,833584487;0,800906599
sub-0893;0,556344867;0,776467919;0,670685709;0,011526093;0,759857655;0,38757658;0,780850291;0,826308906;0,319265276;0,622629642;0,505775154;0,840031624;0,155041873;0,817845702;0,556015134;0,141013667;0,753742456;0,434691221;0,148223594;0,464322656;0,481217921
sub-0894;0,407031745;0,36630699;0,417200685;0,211618289;0,34567517;0,314756393;0,79565388;0,792093277;0,190573514;0,566021025;0,648689866;0,667677999;0,26932323;0,625628054;0,619941831;0,185132325;0,681023777;0,670930147;0,459802955;0,473836213;0,730364203
sub-0923;0,326910943;0,599819243;0,278816819;0,648367584;0,496318698;0,574770272;0,756697237;0,750109375;0,611970961;0,726802647;0,473611802;0,696866393;0,715944767;0,78515023;0,552157462;0,517846167;0,76364851;0,474795491;0,754481614;0,744217515;0,759868026
sub-0924;0,198614463;0,808561742;0,303007513;0,213418603;0,393090218;0,353239685;0,529478729;0,845639646;0,061154347;0,610640764;0,553467035;0,619666457;0,222067311;0,573990166;0,470108241;0,209664837;0,658537865;0,501493871;0,484742701;0,45341453;0,758072257
sub-0925;0,217230424;0,644432724;0,321884096;0,282626241;0,266190171;0,297303408;0,574696422;0,864473999;0,164881632;0,698680639;0,243281275;0,597023249;0,335263312;0,6463328;0,528807163;0,213076457;0,661014915;0,224805921;0,131657824;0,063466936;0,559994042
sub-0926;0,068172537;0,585756719;0,107773371;0,277327687;0,392312169;0,459498644;0,515243411;0,829309821;0,507674694;0,511580408;0,432748675;0,610337675;0,603340924;0,822648883;0,632304072;0,611420393;0,607117295;0,344854295;0,708375812;0,566779554;0,702505589
sub-0927;0,237512007;0,42576614;0,350618303;0,125237733;0,147994086;-0,193231374;0,541322947;0,704870999;0,193872482;0,327647984;0,116534524;0,569139659;0,152197793;0,260357201;-0,208343372;0,141316757;0,282671183;-0,156266749;0,549972415;0,460824132;0,303645879
sub-0928;0,195107475;0,44803682;0,055681109;0,260481477;0,106421657;0,410615385;0,535399139;0,504770339;0,071878195;0,497941107;0,303244472;0,35657531;0,201085895;0,617650032;0,509335041;0,085686199;0,324099809;0,207373902;0,154724732;0,337787747;0,554830074
sub-0929;0,27067101;0,411444187;-0,032862566;0,241094857;0,108141966;0,204002738;0,385877758;0,575784981;0,212939858;-0,011256979;0,145100951;0,283863395;0,28551805;0,595015168;0,34512189;0,277783871;0,244119331;0,380744547;0,330348015;0,593339384;0,536630154
sub-0944;0,471681893;0,75431776;0,477121234;0,248192027;0,602513373;0,187614501;0,694829941;0,80475688;0,532394409;0,772990048;0,487063229;0,722609758;0,438503683;0,771067858;0,340160668;0,393893182;0,743357122;0,440550596;0,528562069;0,636294603;0,635362625
sub-0945;0,391806871;0,594749928;0,432925522;0,264709115;0,358793527;0,160422787;0,767058611;0,78859508;0,377086639;0,63914299;0,439854115;0,635861993;0,3657552;0,758867383;0,51066494;0,329253227;0,46824345;0,180447727;0,31405434;0,365962386;0,740966737
sub-1145;0,22114031;0,644555748;0,265734255;0,220279813;0,355690569;-0,024744142;0,402448267;0,559872687;0,153833166;0,108593166;0,151599601;0,309884757;0,013013398;0,513739109;-0,054888118;0,191830069;0,127642199;0,167585313;0,07042785;0,248506889;0,2772834
sub-1147;0,56705147;0,719949484;0,59197706;0,392852753;0,540590465;0,377228022;0,667665899;0,818931997;0,437246203;0,549895525;0,520822108;0,681573331;0,477908343;0,65409559;0,346962184;0,458880812;0,629772007;0,490991861;0,604750156;0,648768961;0,634261727
sub-1148;0,612317741;0,514398754;0,404409319;0,231031552;0,355448872;0,43559131;0,627835214;0,609238029;0,163994983;0,566611111;0,414332122;0,282151699;0,084591247;0,438864648;0,15620856;0,076125547;0,635385215;0,433038712;0,156233475;0,406553358;0,600077808
sub-1156;0,797367394;0,791401267;0,728234887;0,481900811;0,794240057;0,756841302;0,837300897;0,848741472;0,54694134;0,794601619;0,778841197;0,732232094;0,400395602;0,79770267;0,710681677;0,491182864;0,714527249;0,709346235;0,560043454;0,59039104;0,890091956
sub-1166;0,660333037;0,761724293;0,623878539;0,29264915;0,719705045;0,718407154;0,783389866;0,868048549;0,520660818;0,802243173;0,820223391;0,731829047;0,437196583;0,825432479;0,776808977;0,440422148;0,79858613;0,780030906;0,343648016;0,549145579;0,808378875
sub-1168;0,659507036;0,575287163;0,545238853;0,403214127;0,276158601;0,323166221;0,641135633;0,774363935;0,498302341;0,397251338;0,446517229;0,603973567;0,53298229;0,626628995;0,417822689;0,387338281;0,326934606;0,365971535;0,594783723;0,588854194;0,745024085
sub-1175;0,615276337;0,59056288;0,564429879;0,325992346;0,512691736;0,496743709;0,698671877;0,808736265;0,309253961;0,672348499;0,562584221;0,684484422;0,347128749;0,75420481;0,403459072;0,153650403;0,712074757;0,484072357;0,347352862;0,602074027;0,592866659
sub-1187;0,244591162;0,767503083;0,583874524;0,397298813;0,627395928;0,612731278;0,385605991;0,427614719;0,522472441;0,328529358;0,393243909;0,592762232;0,575560927;0,607527375;0,690458298;0,618136644;0,80300653;0,736618519;0,65258044;0,727764487;0,802463233
sub-1188;0,524837732;0,620587409;0,3644346;0,118614763;0,348763436;0,371507496;0,559130907;0,734126747;0,262433648;0,610625744;0,746932268;0,510355771;0,162829548;0,552879572;0,580018401;0,216827691;0,745278478;0,639993489;0,308444738;0,464169055;0,707422256
sub-1200;0,449351996;0,40362376;0,252602726;0,352428526;0,391773164;0,31104973;0,641230464;0,607424259;0,40640375;0,534387469;0,399858207;0,697946489;0,378702581;0,741440594;0,353146821;0,455963135;0,771940529;0,521650612;0,484513432;0,556023717;0,538060427
sub-1202;0,522557735;0,725216091;0,439173609;0,255135864;0,627504051;0,571307242;0,692114234;0,785811961;0,369447201;0,657782912;0,693571746;0,623024404;0,356586486;0,829522848;0,558571875;0,445498109;0,593665123;0,690676689;0,272760004;0,251963049;0,672054768
sub-1207;0,524693251;0,726290166;0,617412031;0,344807088;0,512394547;0,624510646;0,666027844;0,772225618;0,379117817;0,392994434;0,708892643;0,752269447;0,385692179;0,652510285;0,687133431;0,352451682;0,635612845;0,714333415;0,385451019;0,606027246;0,627437055
sub-1214;0,120672114;0,430053234;0,101787612;0,084644765;0,299554288;0,211224124;0,023622492;0,509917915;0,042629153;0,135714322;0,178458214;0,094270311;0,13297157;0,488314629;0,230042785;0,029824631;0,151808172;-0,037227735;0,173697382;0,356660962;0,434987664
sub-1222;0,72408098;0,828243554;0,66481936;0,293822825;0,536945045;0,447730154;0,711107433;0,814248919;0,287822843;0,521419942;0,475577921;0,701179981;0,398872495;0,747615457;0,420923024;0,40402171;0,607368827;0,602959514;0,426990479;0,437129825;0,452242047
sub-1223;0,694020629;0,684768856;0,582273066;0,387539506;0,511407256;0,432521552;0,688148677;0,728826642;0,391563267;0,468567967;0,397057742;0,763658226;0,378665477;0,764054716;0,278236032;0,3398453;0,511247039;0,23698464;0,28154707;0,62744683;0,309707254
sub-1224;0,586973369;0,692810416;0,721597135;0,566329598;0,603242755;0,780924261;0,585757554;0,750389218;0,710547566;0,494273067;0,610619307;0,667951822;0,5532794;0,854804277;0,663914979;0,56865406;0,584703684;0,631297529;0,482197434;0,539771616;0,676707447
sub-1225;0,610961795;0,778462172;0,541459858;0,357586712;0,389514744;0,381728977;0,788552463;0,751966178;0,39928031;0,650641441;0,607294858;0,693375766;0,413169652;0,669956803;0,575484097;0,505395055;0,772702694;0,513742566;0,362925321;0,416855812;0,53482908
sub-1232;0,459167898;0,45468837;0,201816961;0,129318461;0,22384502;0,026585015;0,587157309;0,435746223;0,243315503;0,269244879;0,059564512;0,44103992;0,364399105;0,618422151;0,147738442;0,404498428;0,574923337;0,478453934;0,523830712;0,673207343;0,61765939
sub-1239;0,524100482;0,777511537;0,682882309;0,1724139;0,09501335;0,164688215;0,435567111;0,707316518;0,020450758;0,289424062;0,210043445;0,549876273;0,240487948;0,345841616;0,378226399;0,161627218;0,119949915;0,169062942;0,134293228;0,567027688;0,594373465
sub-1243;0,534718573;0,550723374;0,452918172;0,549054623;0,559326231;0,721274197;0,669856369;0,67179054;0,173803955;0,645338356;0,402914912;0,712984622;0,099076964;0,7201038;0,411345959;0,142943501;0,535440981;0,341641396;0,1997931;0,560519338;0,614585698
sub-1255;0,479250878;0,721326649;0,491927117;0,430552959;0,573552191;0,601733923;0,633681297;0,830134869;0,461455494;0,574411154;0,542609513;0,648463786;0,688649237;0,756827652;0,774189055;0,498762816;0,755381107;0,689081848;0,538587749;0,684693336;0,896195114
sub-1307;0,30207479;0,724346519;0,254789233;0,549624085;0,499937087;0,537330925;0,262684554;0,775458932;0,211892113;0,370125979;0,320648134;0,238726199;0,453382313;0,551312685;0,394800067;0,254745603;0,516339481;0,319075137;0,423921943;0,710482121;0,610473394
sub-1315;0,775657713;0,805428267;0,66066283;0,485419393;0,508733034;0,503516316;0,840399981;0,796307266;0,594594896;0,564538479;0,640537024;0,788989723;0,745950162;0,732883632;0,756286681;0,620381474;0,753487349;0,556072295;0,730157971;0,804506302;0,67346555
sub-1316;0,561662376;0,580134511;0,569788516;0,240053222;0,330100805;0,458956003;0,66292727;0,762010574;0,473430067;0,608607233;0,636564076;0,71664691;0,472026169;0,584913611;0,587976158;0,455398738;0,629674733;0,658696234;0,498026043;0,529127836;0,781071603
sub-1319;0,599756718;0,632240355;0,589440346;0,515648127;0,525333762;0,460469007;0,763996661;0,767077327;0,550087571;0,745560765;0,608921349;0,740745723;0,485667437;0,735704243;0,57579577;0,447145551;0,716513753;0,533596873;0,460592806;0,495852351;0,75356549
sub-1323;0,180865869;0,566566825;0,410647988;0,228269339;0,64199096;0,302897453;0,634960592;0,506084323;0,349318713;0,348277837;0,28963542;0,723871529;0,499938875;0,758821547;0,545647204;0,332681924;0,650326431;0,459769905;0,487175047;0,765675247;0,586721063
sub-1324;0,612756014;0,161039695;0,347679287;-0,068134539;0,223262712;0,327628285;0,204427019;0,44784826;0,199918643;0,320928425;0,367315084;0,361928344;0,163898274;0,521120965;0,269006073;-0,058775637;0,355638742;0,262380749;0,424809515;0,468554437;0,66865015
sub-1332;0,65885967;0,750466168;0,524069786;0,420273632;0,68248564;0,547706783;0,666494489;0,808733642;0,455757201;0,670972884;0,564764798;0,615508676;0,381335706;0,752631068;0,520809472;0,479605347;0,715363741;0,568463743;0,520352542;0,488124341;0,711503267
sub-1333;0,339810848;0,589785039;0,457923919;-0,108956218;0,591600239;0,320892513;0,511694312;0,689127564;0,039663844;0,440742522;0,061863959;0,510178685;0,035844814;0,596386254;0,087333418;0,119523898;0,639903903;0,313959599;0,092144214;0,233783543;0,47551623
sub-1344;0,058950178;0,243390337;-0,143414631;0,053123187;-0,025571177;-0,137407765;-0,084358588;0,224394798;-0,088020526;0,007431205;0,078495793;-0,101029955;-0,057167914;0,204341754;-0,017991064;0,40092063;0,308857769;0,565901637;0,247817829;0,422435045;0,519916117
sub-1354;0,344524682;0,282348961;0,265218854;0,093192965;0,281703442;0,199429125;0,156454623;0,373612523;0,285710752;0,104940109;0,281597346;0,572989106;0,346306652;0,478204638;0,131585538;0,330257386;0,516340554;0,285582006;0,515839994;0,597528696;0,564649999
sub-1374;0,006967716;0,383902669;-0,085132927;0,149715677;0,073157132;0,352972269;0,288288295;0,609141469;0,366017938;0,115852982;-0,004791523;0,091460228;0,390452892;0,319680512;0,423193872;0,276632786;0,267941207;-0,00576582;0,187699482;0,343971223;0,548135698
sub-1376;0,31919682;0,528555393;0,180469751;0,315995544;0,439958841;0,442295909;0,634631276;0,680200338;0,437602609;0,480810165;0,401762396;0,4895899;0,412702113;0,633650839;0,28206411;0,28278017;0,503143072;0,244893417;0,437861294;0,479053557;0,630042911
sub-1387;0,303707361;0,289174378;0,38182801;0,217667028;0,355334342;0,32427609;0,19561854;0,574860215;0,025248416;0,090527751;0,097260095;0,482753813;0,164504111;0,505032659;-0,125658616;0,086168751;0,317985922;-0,018808044;0,38645184;0,403144628;0,393571109
sub-1411;0,685508907;0,773812771;0,615186512;0,460355014;0,539791465;0,547532558;0,790530145;0,727376759;0,354127109;0,387016833;0,336565495;0,702370226;0,292817444;0,552347362;0,319477051;0,20324336;0,595281541;0,416328281;0,319369465;0,647663951;0,596917748
sub-1425;0,053594328;0,543857932;0,194050819;0,274603218;0,35017091;0,161686257;0,226910368;0,505088568;0,013068346;-0,060531087;0,257687122;0,317054212;0,164313138;0,580467939;0,206306219;0,084636442;0,344009936;0,246528462;0,255445063;0,412400723;0,384954661
sub-1460;0,451476097;0,612125456;0,354267776;0,341977328;0,541808307;0,520202756;0,391065449;0,785637021;0,380353093;0,645823956;0,717998445;0,438109398;0,328839272;0,520887613;0,252440125;0,320256084;0,707470357;0,537009835;0,191070139;0,457093298;0,589397252
sub-1491;0,495783359;0,51832968;0,407979339;0,567986786;0,747199655;0,551531136;0,438944072;0,810293376;0,307059973;0,529337704;0,30143702;0,245833412;0,354368359;0,56800437;0,250877142;0,217756942;0,444423616;0,21044828;0,554129541;0,572670162;0,54945612